sample_idx,park_size,park_quality,park_proximity,park_function,p_kipp,median_kipp_time
0,10000.0,0.45861768461763863,2.0,greenway,0.0,50.0
1,10000.0,0.6838476600125433,2.0,greenway,0.2,27.0
2,10000.0,0.45861768461763863,2.0,recreation,0.0,50.0
3,10000.0,0.45861768461763863,2.0,recreation,0.0,50.0
4,10000.0,0.6838476600125433,2.0,greenway,0.0,50.0
5,10000.0,0.6838476600125433,2.0,recreation,0.0,50.0
6,10000.0,0.5366224002093077,2.0,recreation,0.2,31.0
7,10000.0,0.3073096875101328,2.0,recreation,0.0,50.0
8,10000.0,0.5366224002093077,2.0,sports,0.2,28.0
9,10000.0,0.5366224002093077,2.0,sports,0.0,50.0
10,10000.0,0.3073096875101328,2.0,recreation,0.0,50.0
11,10000.0,0.3073096875101328,2.0,sports,0.2,32.0
12,10000.0,0.6994807878509165,2.0,greenway,0.2,23.0
13,10000.0,0.5782301077619196,2.0,greenway,0.0,50.0
14,10000.0,0.6994807878509165,2.0,recreation,0.2,25.0
15,10000.0,0.6994807878509165,2.0,recreation,0.0,50.0
16,10000.0,0.5782301077619196,2.0,greenway,0.2,27.0
17,10000.0,0.5782301077619196,2.0,recreation,0.2,22.0
18,10000.0,0.3240291016176343,2.0,recreation,0.2,32.0
19,10000.0,0.3566726621240378,2.0,recreation,0.0,50.0
20,10000.0,0.3240291016176343,2.0,greenway,0.0,50.0
21,10000.0,0.3240291016176343,2.0,greenway,0.2,27.0
22,10000.0,0.3566726621240378,2.0,recreation,0.0,50.0
23,10000.0,0.3566726621240378,2.0,greenway,0.6,28.0
24,10000.0,0.21127759870141746,2.0,sports,0.0,50.0
25,10000.0,0.21127486396580936,2.0,sports,0.2,37.0
26,10000.0,0.21127759870141746,2.0,greenway,0.4,31.5
27,10000.0,0.21127759870141746,2.0,greenway,0.2,29.0
28,10000.0,0.21127486396580936,2.0,sports,0.2,28.0
29,10000.0,0.21127486396580936,2.0,greenway,0.2,31.0
30,10000.0,0.7372316805645824,2.0,sports,0.2,24.0
31,10000.0,0.7425003577023745,2.0,sports,0.0,50.0
32,10000.0,0.7372316805645824,2.0,sports,0.2,27.0
33,10000.0,0.7372316805645824,2.0,sports,0.0,50.0
34,10000.0,0.7425003577023745,2.0,sports,0.0,50.0
35,10000.0,0.7425003577023745,2.0,sports,0.2,33.0
36,10000.0,0.6488715052604677,2.0,greenway,0.4,22.0
37,10000.0,0.4528162056580186,2.0,greenway,0.2,30.0
38,10000.0,0.6488715052604677,2.0,greenway,0.4,28.5
39,10000.0,0.6488715052604677,2.0,greenway,0.4,24.0
40,10000.0,0.4528162056580186,2.0,greenway,0.2,26.0
41,10000.0,0.4528162056580186,2.0,greenway,0.2,26.0
42,10000.0,0.4213691852986813,2.0,recreation,0.0,50.0
43,10000.0,0.5196861278265715,2.0,recreation,0.2,31.0
44,10000.0,0.4213691852986813,2.0,recreation,0.0,50.0
45,10000.0,0.4213691852986813,2.0,recreation,0.0,50.0
46,10000.0,0.5196861278265715,2.0,recreation,0.0,50.0
47,10000.0,0.5196861278265715,2.0,recreation,0.0,50.0
48,10000.0,0.35380398482084274,2.0,greenway,0.4,28.0
49,10000.0,0.4701626185327769,2.0,greenway,0.0,50.0
50,10000.0,0.35380398482084274,2.0,sports,0.2,23.0
51,10000.0,0.35380398482084274,2.0,sports,0.2,32.0
52,10000.0,0.4701626185327769,2.0,greenway,0.0,50.0
53,10000.0,0.4701626185327769,2.0,sports,0.2,29.0
54,10000.0,0.5759581990540028,2.0,recreation,0.0,50.0
55,10000.0,0.5398158254101872,2.0,recreation,0.0,50.0
56,10000.0,0.5759581990540028,2.0,greenway,0.2,24.0
57,10000.0,0.5759581990540028,2.0,greenway,0.4,29.5
58,10000.0,0.5398158254101872,2.0,recreation,0.2,28.0
59,10000.0,0.5398158254101872,2.0,greenway,0.4,22.5
60,10000.0,0.787879084609449,2.0,greenway,0.0,50.0
61,10000.0,0.26640517078340054,2.0,greenway,0.2,31.0
62,10000.0,0.787879084609449,2.0,recreation,0.2,25.0
63,10000.0,0.787879084609449,2.0,recreation,0.0,50.0
64,10000.0,0.26640517078340054,2.0,greenway,0.0,50.0
65,10000.0,0.26640517078340054,2.0,recreation,0.0,50.0
66,10000.0,0.2636087192222476,2.0,recreation,0.4,30.0
67,10000.0,0.7998278507962824,2.0,recreation,0.0,50.0
68,10000.0,0.2636087192222476,2.0,greenway,0.0,50.0
69,10000.0,0.2636087192222476,2.0,greenway,0.2,31.0
70,10000.0,0.7998278507962824,2.0,recreation,0.2,26.0
71,10000.0,0.7998278507962824,2.0,greenway,0.2,25.0
72,10000.0,0.30084867123514414,2.0,greenway,0.0,50.0
73,10000.0,0.6358861256390811,2.0,greenway,0.2,22.0
74,10000.0,0.30084867123514414,2.0,sports,0.2,31.0
75,10000.0,0.30084867123514414,2.0,sports,0.2,28.0
76,10000.0,0.6358861256390811,2.0,greenway,0.0,50.0
77,10000.0,0.6358861256390811,2.0,sports,0.2,26.0
78,10000.0,0.6756397427991033,2.0,recreation,0.2,25.0
79,10000.0,0.41154539752751595,2.0,recreation,0.2,32.0
80,10000.0,0.6756397427991033,2.0,recreation,0.0,50.0
81,10000.0,0.6756397427991033,2.0,recreation,0.2,26.0
82,10000.0,0.41154539752751595,2.0,recreation,0.0,50.0
83,10000.0,0.41154539752751595,2.0,recreation,0.0,50.0
84,10000.0,0.5381975430995227,2.0,sports,0.2,28.0
85,10000.0,0.7037197839468718,2.0,sports,0.6,28.0
86,10000.0,0.5381975430995227,2.0,greenway,0.0,50.0
87,10000.0,0.5381975430995227,2.0,greenway,0.2,27.0
88,10000.0,0.7037197839468718,2.0,sports,0.2,29.0
89,10000.0,0.7037197839468718,2.0,greenway,0.0,50.0
90,10000.0,0.46656403504312044,2.0,sports,0.2,34.0
91,10000.0,0.3249846274033189,2.0,sports,0.6,28.0
92,10000.0,0.46656403504312044,2.0,recreation,0.0,50.0
93,10000.0,0.46656403504312044,2.0,recreation,0.2,24.0
94,10000.0,0.3249846274033189,2.0,sports,0.2,37.0
95,10000.0,0.3249846274033189,2.0,recreation,0.2,34.0
96,10000.0,0.4904537638649345,2.0,sports,0.2,30.0
97,10000.0,0.5708248885348439,2.0,sports,0.0,50.0
98,10000.0,0.4904537638649345,2.0,sports,0.0,50.0
99,10000.0,0.4904537638649345,2.0,sports,0.0,50.0
100,10000.0,0.5708248885348439,2.0,sports,0.4,29.0
101,10000.0,0.5708248885348439,2.0,sports,0.0,50.0
102,10000.0,0.5611811859533191,2.0,sports,0.2,30.0
103,10000.0,0.4942866120487452,2.0,sports,0.2,32.0
104,10000.0,0.5611811859533191,2.0,recreation,0.2,27.0
105,10000.0,0.5611811859533191,2.0,recreation,0.0,50.0
106,10000.0,0.4942866120487452,2.0,sports,0.0,50.0
107,10000.0,0.4942866120487452,2.0,recreation,0.0,50.0
108,10000.0,0.6515211477875711,2.0,greenway,0.2,24.0
109,10000.0,0.7651935854926706,2.0,greenway,0.2,26.0
110,10000.0,0.6515211477875711,2.0,greenway,0.2,22.0
111,10000.0,0.6515211477875711,2.0,greenway,0.4,27.5
112,10000.0,0.7651935854926706,2.0,greenway,0.2,25.0
113,10000.0,0.7651935854926706,2.0,greenway,0.4,27.0
114,10000.0,0.27809392586350445,2.0,recreation,0.0,50.0
115,10000.0,0.2436358716338873,2.0,recreation,0.2,25.0
116,10000.0,0.27809392586350445,2.0,sports,0.2,35.0
117,10000.0,0.27809392586350445,2.0,sports,0.0,50.0
118,10000.0,0.2436358716338873,2.0,recreation,0.2,31.0
119,10000.0,0.2436358716338873,2.0,sports,0.0,50.0
120,10000.0,0.24091870673000815,2.0,greenway,0.0,50.0
121,10000.0,0.3981327878311277,2.0,greenway,0.0,50.0
122,10000.0,0.24091870673000815,2.0,recreation,0.4,29.0
123,10000.0,0.24091870673000815,2.0,recreation,0.4,26.0
124,10000.0,0.3981327878311277,2.0,greenway,0.6,28.0
125,10000.0,0.3981327878311277,2.0,recreation,0.0,50.0
126,10000.0,0.7636970486491919,2.0,recreation,0.2,28.0
127,10000.0,0.6293585497885943,2.0,recreation,0.0,50.0
128,10000.0,0.7636970486491919,2.0,greenway,0.2,30.0
129,10000.0,0.7636970486491919,2.0,greenway,0.0,50.0
130,10000.0,0.6293585497885943,2.0,recreation,0.2,24.0
131,10000.0,0.6293585497885943,2.0,greenway,0.0,50.0
132,10000.0,0.5990052873268724,2.0,sports,0.2,22.0
133,10000.0,0.33967868927866224,2.0,sports,0.2,29.0
134,10000.0,0.5990052873268724,2.0,recreation,0.2,29.0
135,10000.0,0.5990052873268724,2.0,recreation,0.2,27.0
136,10000.0,0.33967868927866224,2.0,sports,0.4,27.0
137,10000.0,0.33967868927866224,2.0,recreation,0.2,27.0
138,10000.0,0.37762898523360494,2.0,sports,0.0,50.0
139,10000.0,0.7065489154309035,2.0,sports,0.2,32.0
140,10000.0,0.37762898523360494,2.0,sports,0.2,28.0
141,10000.0,0.37762898523360494,2.0,sports,0.4,28.0
142,10000.0,0.7065489154309035,2.0,sports,0.0,50.0
143,10000.0,0.7065489154309035,2.0,sports,0.0,50.0
144,10000.0,0.3972208390012384,2.0,greenway,0.2,26.0
145,10000.0,0.28205013610422613,2.0,greenway,0.0,50.0
146,10000.0,0.3972208390012384,2.0,greenway,0.0,50.0
147,10000.0,0.3972208390012384,2.0,greenway,0.0,50.0
148,10000.0,0.28205013610422613,2.0,greenway,0.0,50.0
149,10000.0,0.28205013610422613,2.0,greenway,0.2,31.0
150,10000.0,0.6261419402435422,2.0,recreation,0.2,27.0
151,10000.0,0.651703646965325,2.0,recreation,0.2,20.0
152,10000.0,0.6261419402435422,2.0,sports,0.0,50.0
153,10000.0,0.6261419402435422,2.0,sports,0.0,50.0
154,10000.0,0.651703646965325,2.0,recreation,0.0,50.0
155,10000.0,0.651703646965325,2.0,sports,0.2,27.0
156,10000.0,0.7611694756895304,2.0,sports,0.0,50.0
157,10000.0,0.3783064391463995,2.0,sports,0.2,32.0
158,10000.0,0.7611694756895304,2.0,sports,0.2,26.0
159,10000.0,0.7611694756895304,2.0,sports,0.6,25.0
160,10000.0,0.3783064391463995,2.0,sports,0.2,26.0
161,10000.0,0.3783064391463995,2.0,sports,0.4,32.0
162,10000.0,0.23421775512397291,2.0,sports,0.0,50.0
163,10000.0,0.6117293873801828,2.0,sports,0.4,29.5
164,10000.0,0.23421775512397291,2.0,recreation,0.2,36.0
165,10000.0,0.23421775512397291,2.0,recreation,0.2,25.0
166,10000.0,0.6117293873801828,2.0,sports,0.2,24.0
167,10000.0,0.6117293873801828,2.0,recreation,0.0,50.0
168,10000.0,0.3470510095357895,2.0,greenway,0.2,23.0
169,10000.0,0.7478197056800129,2.0,greenway,0.0,50.0
170,10000.0,0.3470510095357895,2.0,recreation,0.0,50.0
171,10000.0,0.3470510095357895,2.0,recreation,0.0,50.0
172,10000.0,0.7478197056800129,2.0,greenway,0.2,28.0
173,10000.0,0.7478197056800129,2.0,recreation,0.2,27.0
174,10000.0,0.7233355395495893,2.0,recreation,0.0,50.0
175,10000.0,0.2234787093475461,2.0,recreation,0.0,50.0
176,10000.0,0.7233355395495893,2.0,greenway,0.0,50.0
177,10000.0,0.7233355395495893,2.0,greenway,0.4,26.0
178,10000.0,0.2234787093475461,2.0,recreation,0.2,26.0
179,10000.0,0.2234787093475461,2.0,greenway,0.0,50.0
180,10000.0,0.5139758741483094,2.0,greenway,0.0,50.0
181,10000.0,0.5156488042324783,2.0,greenway,0.4,30.5
182,10000.0,0.5139758741483094,2.0,sports,0.2,29.0
183,10000.0,0.5139758741483094,2.0,sports,0.2,26.0
184,10000.0,0.5156488042324783,2.0,greenway,0.2,26.0
185,10000.0,0.5156488042324783,2.0,sports,0.0,50.0
186,10000.0,0.4343875823542476,2.0,recreation,0.0,50.0
187,10000.0,0.43691334370523693,2.0,recreation,0.4,31.5
188,10000.0,0.4343875823542476,2.0,greenway,0.2,23.0
189,10000.0,0.4343875823542476,2.0,greenway,0.4,29.5
190,10000.0,0.43691334370523693,2.0,recreation,0.0,50.0
191,10000.0,0.43691334370523693,2.0,greenway,0.4,26.0
192,10000.0,0.42926394902169707,2.0,greenway,0.0,50.0
193,10000.0,0.2601771971210838,2.0,greenway,0.0,50.0
194,10000.0,0.42926394902169707,2.0,sports,0.2,27.0
195,10000.0,0.42926394902169707,2.0,sports,0.2,28.0
196,10000.0,0.2601771971210838,2.0,greenway,0.4,32.5
197,10000.0,0.2601771971210838,2.0,sports,0.0,50.0
198,10000.0,0.5003517169505358,2.0,recreation,0.0,50.0
199,10000.0,0.7861292265355588,2.0,recreation,0.2,26.0
200,10000.0,0.5003517169505358,2.0,recreation,0.4,28.0
201,10000.0,0.5003517169505358,2.0,recreation,0.0,50.0
202,10000.0,0.7861292265355588,2.0,recreation,0.4,28.0
203,10000.0,0.7861292265355588,2.0,recreation,0.6,26.0
204,10000.0,0.712354892678559,2.0,greenway,0.2,29.0
205,10000.0,0.47829474490135915,2.0,greenway,0.0,50.0
206,10000.0,0.712354892678559,2.0,greenway,0.4,24.0
207,10000.0,0.712354892678559,2.0,greenway,0.0,50.0
208,10000.0,0.47829474490135915,2.0,greenway,0.2,33.0
209,10000.0,0.47829474490135915,2.0,greenway,0.0,50.0
210,10000.0,0.3392794335260988,2.0,recreation,0.2,32.0
211,10000.0,0.5492662563920021,2.0,recreation,0.0,50.0
212,10000.0,0.3392794335260988,2.0,recreation,0.0,50.0
213,10000.0,0.3392794335260988,2.0,recreation,0.0,50.0
214,10000.0,0.5492662563920021,2.0,recreation,0.2,25.0
215,10000.0,0.5492662563920021,2.0,recreation,0.4,26.0
216,10000.0,0.22645526062697174,2.0,greenway,0.0,50.0
217,10000.0,0.6946995234116913,2.0,greenway,0.2,24.0
218,10000.0,0.22645526062697174,2.0,sports,0.0,50.0
219,10000.0,0.22645526062697174,2.0,sports,0.2,35.0
220,10000.0,0.6946995234116913,2.0,greenway,0.2,26.0
221,10000.0,0.6946995234116913,2.0,sports,0.0,50.0
222,10000.0,0.7501795997843148,2.0,recreation,0.0,50.0
223,10000.0,0.3140599794685841,2.0,recreation,0.4,27.5
224,10000.0,0.7501795997843148,2.0,greenway,0.2,30.0
225,10000.0,0.7501795997843148,2.0,greenway,0.2,27.0
226,10000.0,0.3140599794685841,2.0,recreation,0.0,50.0
227,10000.0,0.3140599794685841,2.0,greenway,0.8,31.5
228,10000.0,0.6125270076096059,2.0,sports,0.4,31.5
229,10000.0,0.640658195130527,2.0,sports,0.2,27.0
230,10000.0,0.6125270076096059,2.0,recreation,0.4,25.5
231,10000.0,0.6125270076096059,2.0,recreation,0.4,27.5
232,10000.0,0.640658195130527,2.0,sports,0.0,50.0
233,10000.0,0.640658195130527,2.0,recreation,0.0,50.0
234,10000.0,0.39208811968564994,2.0,sports,0.2,28.0
235,10000.0,0.424374195933342,2.0,sports,0.2,27.0
236,10000.0,0.39208811968564994,2.0,sports,0.2,38.0
237,10000.0,0.39208811968564994,2.0,sports,0.2,28.0
238,10000.0,0.424374195933342,2.0,sports,0.0,50.0
239,10000.0,0.424374195933342,2.0,sports,0.0,50.0
240,10000.0,0.3830431364476681,2.0,greenway,0.0,50.0
241,10000.0,0.5857764385640623,2.0,greenway,0.0,50.0
242,10000.0,0.3830431364476681,2.0,greenway,0.2,28.0
243,10000.0,0.3830431364476681,2.0,greenway,0.2,30.0
244,10000.0,0.5857764385640623,2.0,greenway,0.4,24.5
245,10000.0,0.5857764385640623,2.0,greenway,0.2,29.0
246,10000.0,0.612343466281891,2.0,recreation,0.2,23.0
247,10000.0,0.3667091747745872,2.0,recreation,0.4,31.0
248,10000.0,0.612343466281891,2.0,sports,0.2,24.0
249,10000.0,0.612343466281891,2.0,sports,0.0,50.0
250,10000.0,0.3667091747745872,2.0,recreation,0.2,28.0
251,10000.0,0.3667091747745872,2.0,sports,0.0,50.0
252,10000.0,0.7749727932736279,2.0,sports,0.2,31.0
253,10000.0,0.6770338907837868,2.0,sports,0.2,33.0
254,10000.0,0.7749727932736279,2.0,greenway,0.2,22.0
255,10000.0,0.7749727932736279,2.0,greenway,0.2,29.0
256,10000.0,0.6770338907837868,2.0,sports,0.2,26.0
257,10000.0,0.6770338907837868,2.0,greenway,0.4,28.5
258,10000.0,0.2483905738219619,2.0,sports,0.0,50.0
259,10000.0,0.29419714491814375,2.0,sports,0.0,50.0
260,10000.0,0.2483905738219619,2.0,recreation,0.0,50.0
261,10000.0,0.2483905738219619,2.0,recreation,0.0,50.0
262,10000.0,0.29419714491814375,2.0,sports,0.0,50.0
263,10000.0,0.29419714491814375,2.0,recreation,0.2,29.0
264,10000.0,0.2855567114427686,2.0,sports,0.2,29.0
265,10000.0,0.458174354583025,2.0,sports,0.2,31.0
266,10000.0,0.2855567114427686,2.0,recreation,0.4,31.0
267,10000.0,0.2855567114427686,2.0,recreation,0.0,50.0
268,10000.0,0.458174354583025,2.0,sports,0.2,28.0
269,10000.0,0.458174354583025,2.0,recreation,0.6,31.0
270,10000.0,0.6628061214461923,2.0,sports,0.0,50.0
271,10000.0,0.5319291329011322,2.0,sports,0.0,50.0
272,10000.0,0.6628061214461923,2.0,sports,0.0,50.0
273,10000.0,0.6628061214461923,2.0,sports,0.4,29.5
274,10000.0,0.5319291329011322,2.0,sports,0.2,28.0
275,10000.0,0.5319291329011322,2.0,sports,0.0,50.0
276,10000.0,0.5745101403445005,2.0,greenway,0.2,21.0
277,10000.0,0.20284068286418916,2.0,greenway,0.0,50.0
278,10000.0,0.5745101403445005,2.0,sports,0.0,50.0
279,10000.0,0.5745101403445005,2.0,sports,0.2,26.0
280,10000.0,0.20284068286418916,2.0,greenway,0.0,50.0
281,10000.0,0.20284068286418916,2.0,sports,0.0,50.0
282,10000.0,0.49587700106203564,2.0,recreation,0.2,29.0
283,10000.0,0.7309899164363742,2.0,recreation,0.0,50.0
284,10000.0,0.49587700106203564,2.0,greenway,0.2,25.0
285,10000.0,0.49587700106203564,2.0,greenway,0.2,30.0
286,10000.0,0.7309899164363742,2.0,recreation,0.2,26.0
287,10000.0,0.7309899164363742,2.0,greenway,0.0,50.0
288,10000.0,0.47285482268780477,2.0,greenway,0.0,50.0
289,10000.0,0.3732367327436805,2.0,greenway,0.2,30.0
290,10000.0,0.47285482268780477,2.0,recreation,0.2,26.0
291,10000.0,0.47285482268780477,2.0,recreation,0.0,50.0
292,10000.0,0.3732367327436805,2.0,greenway,0.4,29.5
293,10000.0,0.3732367327436805,2.0,recreation,0.2,30.0
294,10000.0,0.5506545459851624,2.0,recreation,0.2,25.0
295,10000.0,0.5991890661418439,2.0,recreation,0.2,27.0
296,10000.0,0.5506545459851624,2.0,sports,0.0,50.0
297,10000.0,0.5506545459851624,2.0,sports,0.0,50.0
298,10000.0,0.5991890661418439,2.0,recreation,0.0,50.0
299,10000.0,0.5991890661418439,2.0,sports,0.2,31.0
300,10000.0,0.6854529492557049,2.0,sports,0.2,25.0
301,10000.0,0.29136803131550554,2.0,sports,0.0,50.0
302,10000.0,0.6854529492557049,2.0,sports,0.2,26.0
303,10000.0,0.6854529492557049,2.0,sports,0.2,27.0
304,10000.0,0.29136803131550554,2.0,sports,0.0,50.0
305,10000.0,0.29136803131550554,2.0,sports,0.0,50.0
306,10000.0,0.3097876876592636,2.0,sports,0.0,50.0
307,10000.0,0.6623398110270501,2.0,sports,0.4,25.0
308,10000.0,0.3097876876592636,2.0,greenway,0.2,29.0
309,10000.0,0.3097876876592636,2.0,greenway,0.2,24.0
310,10000.0,0.6623398110270501,2.0,sports,0.0,50.0
311,10000.0,0.6623398110270501,2.0,greenway,0.2,29.0
312,10000.0,0.2725386541336775,2.0,sports,0.0,50.0
313,10000.0,0.5078051215037704,2.0,sports,0.2,29.0
314,10000.0,0.2725386541336775,2.0,greenway,0.0,50.0
315,10000.0,0.2725386541336775,2.0,greenway,0.2,28.0
316,10000.0,0.5078051215037704,2.0,sports,0.2,30.0
317,10000.0,0.5078051215037704,2.0,greenway,0.4,28.0
318,10000.0,0.797701520100236,2.0,sports,0.0,50.0
319,10000.0,0.42716530933976177,2.0,sports,0.0,50.0
320,10000.0,0.797701520100236,2.0,recreation,0.2,26.0
321,10000.0,0.797701520100236,2.0,recreation,0.2,26.0
322,10000.0,0.42716530933976177,2.0,sports,0.2,22.0
323,10000.0,0.42716530933976177,2.0,recreation,0.2,30.0
324,10000.0,0.5884059773758055,2.0,greenway,0.2,25.0
325,10000.0,0.7537592334672809,2.0,greenway,0.2,23.0
326,10000.0,0.5884059773758055,2.0,sports,0.2,26.0
327,10000.0,0.5884059773758055,2.0,sports,0.4,24.5
328,10000.0,0.7537592334672809,2.0,greenway,0.0,50.0
329,10000.0,0.7537592334672809,2.0,sports,0.0,50.0
330,10000.0,0.3601038584485651,2.0,recreation,0.2,28.0
331,10000.0,0.23747493028640748,2.0,recreation,0.2,32.0
332,10000.0,0.3601038584485651,2.0,recreation,0.2,32.0
333,10000.0,0.3601038584485651,2.0,recreation,0.4,23.5
334,10000.0,0.23747493028640748,2.0,recreation,0.0,50.0
335,10000.0,0.23747493028640748,2.0,recreation,0.8,30.0
336,10000.0,0.41477843839675194,2.0,sports,0.2,33.0
337,10000.0,0.7739253990352155,2.0,sports,0.0,50.0
338,10000.0,0.41477843839675194,2.0,recreation,0.2,27.0
339,10000.0,0.41477843839675194,2.0,recreation,0.0,50.0
340,10000.0,0.7739253990352155,2.0,sports,0.4,26.5
341,10000.0,0.7739253990352155,2.0,recreation,0.0,50.0
342,10000.0,0.6367099219933152,2.0,sports,0.0,50.0
343,10000.0,0.2548578312620521,2.0,sports,0.4,28.0
344,10000.0,0.6367099219933152,2.0,greenway,0.4,26.0
345,10000.0,0.6367099219933152,2.0,greenway,0.0,50.0
346,10000.0,0.2548578312620521,2.0,sports,0.2,29.0
347,10000.0,0.2548578312620521,2.0,greenway,0.2,31.0
348,10000.0,0.7271322455257179,2.0,greenway,0.0,50.0
349,10000.0,0.5651691004633904,2.0,greenway,0.0,50.0
350,10000.0,0.7271322455257179,2.0,recreation,0.0,50.0
351,10000.0,0.7271322455257179,2.0,recreation,0.0,50.0
352,10000.0,0.5651691004633904,2.0,greenway,0.2,30.0
353,10000.0,0.5651691004633904,2.0,recreation,0.6,29.0
354,10000.0,0.20262942202389242,2.0,recreation,0.0,50.0
355,10000.0,0.4823320863768459,2.0,recreation,0.2,32.0
356,10000.0,0.20262942202389242,2.0,sports,0.2,40.0
357,10000.0,0.20262942202389242,2.0,sports,0.0,50.0
358,10000.0,0.4823320863768459,2.0,recreation,0.0,50.0
359,10000.0,0.4823320863768459,2.0,sports,0.4,32.0
360,10000.0,0.31539000645279885,2.0,greenway,0.0,50.0
361,10000.0,0.34620401039719584,2.0,greenway,0.0,50.0
362,10000.0,0.31539000645279885,2.0,greenway,0.0,50.0
363,10000.0,0.31539000645279885,2.0,greenway,0.2,27.0
364,10000.0,0.34620401039719584,2.0,greenway,0.2,27.0
365,10000.0,0.34620401039719584,2.0,greenway,0.4,28.0
366,10000.0,0.6893721237778665,2.0,recreation,0.2,25.0
367,10000.0,0.7199590569362044,2.0,recreation,0.0,50.0
368,10000.0,0.6893721237778665,2.0,recreation,0.2,29.0
369,10000.0,0.6893721237778665,2.0,recreation,0.0,50.0
370,10000.0,0.7199590569362044,2.0,recreation,0.0,50.0
371,10000.0,0.7199590569362044,2.0,recreation,0.0,50.0
372,10000.0,0.5244700415059924,2.0,greenway,0.2,26.0
373,10000.0,0.39087489843368534,2.0,greenway,0.4,27.0
374,10000.0,0.5244700415059924,2.0,greenway,0.0,50.0
375,10000.0,0.5244700415059924,2.0,greenway,0.0,50.0
376,10000.0,0.39087489843368534,2.0,greenway,0.2,32.0
377,10000.0,0.39087489843368534,2.0,greenway,0.4,30.0
378,10000.0,0.4520178517326713,2.0,recreation,0.0,50.0
379,10000.0,0.6190244359895587,2.0,recreation,0.0,50.0
380,10000.0,0.4520178517326713,2.0,sports,0.2,28.0
381,10000.0,0.4520178517326713,2.0,sports,0.0,50.0
382,10000.0,0.6190244359895587,2.0,recreation,0.2,29.0
383,10000.0,0.6190244359895587,2.0,sports,0.0,50.0
384,10000.0,0.4452347870916129,2.0,sports,0.0,50.0
385,10000.0,0.40972170718014245,2.0,sports,0.4,32.0
386,10000.0,0.4452347870916129,2.0,greenway,0.0,50.0
387,10000.0,0.4452347870916129,2.0,greenway,0.4,30.5
388,10000.0,0.40972170718014245,2.0,sports,0.0,50.0
389,10000.0,0.40972170718014245,2.0,greenway,0.2,31.0
390,10000.0,0.5218809504061939,2.0,sports,0.0,50.0
391,10000.0,0.6377247290685774,2.0,sports,0.2,35.0
392,10000.0,0.5218809504061939,2.0,sports,0.0,50.0
393,10000.0,0.5218809504061939,2.0,sports,0.2,29.0
394,10000.0,0.6377247290685774,2.0,sports,0.2,33.0
395,10000.0,0.6377247290685774,2.0,sports,0.2,27.0
396,10000.0,0.696666723676026,2.0,greenway,0.2,28.0
397,10000.0,0.3275416325777769,2.0,greenway,0.2,24.0
398,10000.0,0.696666723676026,2.0,sports,0.0,50.0
399,10000.0,0.696666723676026,2.0,sports,0.2,27.0
400,10000.0,0.3275416325777769,2.0,greenway,0.0,50.0
401,10000.0,0.3275416325777769,2.0,sports,0.0,50.0
402,10000.0,0.31746753100305797,2.0,recreation,0.0,50.0
403,10000.0,0.7011502260342242,2.0,recreation,0.0,50.0
404,10000.0,0.31746753100305797,2.0,recreation,0.2,23.0
405,10000.0,0.31746753100305797,2.0,recreation,0.0,50.0
406,10000.0,0.7011502260342242,2.0,recreation,0.0,50.0
407,10000.0,0.7011502260342242,2.0,recreation,0.2,26.0
408,10000.0,0.2052190674468875,2.0,greenway,0.0,50.0
409,10000.0,0.5463408056646586,2.0,greenway,0.0,50.0
410,10000.0,0.2052190674468875,2.0,recreation,0.2,32.0
411,10000.0,0.2052190674468875,2.0,recreation,0.0,50.0
412,10000.0,0.5463408056646586,2.0,greenway,0.2,31.0
413,10000.0,0.5463408056646586,2.0,recreation,0.0,50.0
414,10000.0,0.7339158644899726,2.0,recreation,0.4,30.5
415,10000.0,0.46365026254206904,2.0,recreation,0.2,28.0
416,10000.0,0.7339158644899726,2.0,greenway,0.2,21.0
417,10000.0,0.7339158644899726,2.0,greenway,0.4,26.0
418,10000.0,0.46365026254206904,2.0,recreation,0.0,50.0
419,10000.0,0.46365026254206904,2.0,greenway,0.0,50.0
420,10000.0,0.6346318073570729,2.0,greenway,0.0,50.0
421,10000.0,0.7925696250051262,2.0,greenway,0.0,50.0
422,10000.0,0.6346318073570729,2.0,sports,0.0,50.0
423,10000.0,0.6346318073570729,2.0,sports,0.0,50.0
424,10000.0,0.7925696250051262,2.0,greenway,0.4,24.0
425,10000.0,0.7925696250051262,2.0,sports,0.2,29.0
426,10000.0,0.40748324841260913,2.0,recreation,0.2,29.0
427,10000.0,0.2736485550180078,2.0,recreation,0.2,34.0
428,10000.0,0.40748324841260913,2.0,greenway,0.4,29.5
429,10000.0,0.40748324841260913,2.0,greenway,0.2,28.0
430,10000.0,0.2736485550180078,2.0,recreation,0.0,50.0
431,10000.0,0.2736485550180078,2.0,greenway,0.0,50.0
432,10000.0,0.3673824332654476,2.0,greenway,0.2,31.0
433,10000.0,0.7350967125967145,2.0,greenway,0.2,28.0
434,10000.0,0.3673824332654476,2.0,greenway,0.0,50.0
435,10000.0,0.3673824332654476,2.0,greenway,0.2,28.0
436,10000.0,0.7350967125967145,2.0,greenway,0.0,50.0
437,10000.0,0.7350967125967145,2.0,greenway,0.2,23.0
438,10000.0,0.5905040979385376,2.0,recreation,0.0,50.0
439,10000.0,0.21866595633327962,2.0,recreation,0.2,35.0
440,10000.0,0.5905040979385376,2.0,recreation,0.4,32.0
441,10000.0,0.5905040979385376,2.0,recreation,0.0,50.0
442,10000.0,0.21866595633327962,2.0,recreation,0.2,30.0
443,10000.0,0.21866595633327962,2.0,recreation,0.2,33.0
444,10000.0,0.790934476070106,2.0,sports,0.2,25.0
445,10000.0,0.5266517871990801,2.0,sports,0.4,27.0
446,10000.0,0.790934476070106,2.0,greenway,0.0,50.0
447,10000.0,0.790934476070106,2.0,greenway,0.4,25.0
448,10000.0,0.5266517871990801,2.0,sports,0.4,29.0
449,10000.0,0.5266517871990801,2.0,greenway,0.2,35.0
450,10000.0,0.26992896255105736,2.0,sports,0.0,50.0
451,10000.0,0.4458654593676329,2.0,sports,0.2,31.0
452,10000.0,0.26992896255105736,2.0,sports,0.2,31.0
453,10000.0,0.26992896255105736,2.0,sports,0.0,50.0
454,10000.0,0.4458654593676329,2.0,sports,0.2,33.0
455,10000.0,0.4458654593676329,2.0,sports,0.2,27.0
456,10000.0,0.30768897701054815,2.0,sports,0.4,29.0
457,10000.0,0.31001211423426867,2.0,sports,0.2,29.0
458,10000.0,0.30768897701054815,2.0,recreation,0.0,50.0
459,10000.0,0.30768897701054815,2.0,recreation,0.0,50.0
460,10000.0,0.31001211423426867,2.0,sports,0.2,27.0
461,10000.0,0.31001211423426867,2.0,recreation,0.6,24.0
462,10000.0,0.678173784352839,2.0,sports,0.0,50.0
463,10000.0,0.6811303917318583,2.0,sports,0.0,50.0
464,10000.0,0.678173784352839,2.0,greenway,0.4,30.5
465,10000.0,0.678173784352839,2.0,greenway,0.0,50.0
466,10000.0,0.6811303917318583,2.0,sports,0.0,50.0
467,10000.0,0.6811303917318583,2.0,greenway,0.0,50.0
468,10000.0,0.5532647918909789,2.0,greenway,0.0,50.0
469,10000.0,0.3544082948938012,2.0,greenway,0.4,25.5
470,10000.0,0.5532647918909789,2.0,recreation,0.0,50.0
471,10000.0,0.5532647918909789,2.0,recreation,0.0,50.0
472,10000.0,0.3544082948938012,2.0,greenway,0.0,50.0
473,10000.0,0.3544082948938012,2.0,recreation,0.2,28.0
474,10000.0,0.47962242104113106,2.0,recreation,0.0,50.0
475,10000.0,0.5805070992559196,2.0,recreation,0.2,29.0
476,10000.0,0.47962242104113106,2.0,sports,0.4,29.5
477,10000.0,0.47962242104113106,2.0,sports,0.2,31.0
478,10000.0,0.5805070992559196,2.0,recreation,0.2,29.0
479,10000.0,0.5805070992559196,2.0,sports,0.2,26.0
480,10000.0,0.49319379907101396,2.0,greenway,0.2,30.0
481,10000.0,0.22165986485779288,2.0,greenway,0.6,29.0
482,10000.0,0.49319379907101396,2.0,sports,0.0,50.0
483,10000.0,0.49319379907101396,2.0,sports,0.0,50.0
484,10000.0,0.22165986485779288,2.0,greenway,0.0,50.0
485,10000.0,0.22165986485779288,2.0,sports,0.0,50.0
486,10000.0,0.5678154980763794,2.0,recreation,0.0,50.0
487,10000.0,0.7496626185253263,2.0,recreation,0.0,50.0
488,10000.0,0.5678154980763794,2.0,greenway,0.2,29.0
489,10000.0,0.5678154980763794,2.0,greenway,0.6,24.0
490,10000.0,0.7496626185253263,2.0,recreation,0.0,50.0
491,10000.0,0.7496626185253263,2.0,greenway,0.4,30.0
492,10000.0,0.6648313038051129,2.0,sports,0.0,50.0
493,10000.0,0.4394660752266646,2.0,sports,0.0,50.0
494,10000.0,0.6648313038051129,2.0,recreation,0.0,50.0
495,10000.0,0.6648313038051129,2.0,recreation,0.2,32.0
496,10000.0,0.4394660752266646,2.0,sports,0.4,30.5
497,10000.0,0.4394660752266646,2.0,recreation,0.4,27.0
498,10000.0,0.2929094046354294,2.0,sports,0.2,26.0
499,10000.0,0.5130743646994234,2.0,sports,0.2,35.0
500,10000.0,0.2929094046354294,2.0,greenway,0.0,50.0
501,10000.0,0.2929094046354294,2.0,greenway,0.0,50.0
502,10000.0,0.5130743646994234,2.0,sports,0.2,32.0
503,10000.0,0.5130743646994234,2.0,greenway,0.0,50.0
504,10000.0,0.2550846617668867,2.0,sports,0.2,27.0
505,10000.0,0.6582329008728267,2.0,sports,0.4,29.0
506,10000.0,0.2550846617668867,2.0,sports,0.6,32.0
507,10000.0,0.2550846617668867,2.0,sports,0.0,50.0
508,10000.0,0.6582329008728267,2.0,sports,0.2,24.0
509,10000.0,0.6582329008728267,2.0,sports,0.0,50.0
510,10000.0,0.7776554409414531,2.0,sports,0.2,26.0
511,10000.0,0.2755426617339254,2.0,sports,0.0,50.0
512,10000.0,0.7776554409414531,2.0,recreation,0.2,27.0
513,10000.0,0.7776554409414531,2.0,recreation,0.0,50.0
514,10000.0,0.2755426617339254,2.0,sports,0.0,50.0
515,10000.0,0.2755426617339254,2.0,recreation,0.4,31.0
516,10000.0,0.6049913631752134,2.0,greenway,0.2,30.0
517,10000.0,0.6044663157314063,2.0,greenway,0.2,27.0
518,10000.0,0.6049913631752134,2.0,greenway,0.0,50.0
519,10000.0,0.6049913631752134,2.0,greenway,0.0,50.0
520,10000.0,0.6044663157314063,2.0,greenway,0.2,25.0
521,10000.0,0.6044663157314063,2.0,greenway,0.4,27.0
522,10000.0,0.3810185441747308,2.0,recreation,0.2,27.0
523,10000.0,0.3855455139651895,2.0,recreation,0.2,28.0
524,10000.0,0.3810185441747308,2.0,sports,0.2,31.0
525,10000.0,0.3810185441747308,2.0,sports,0.2,28.0
526,10000.0,0.3855455139651895,2.0,recreation,0.4,25.0
527,10000.0,0.3855455139651895,2.0,sports,0.2,33.0
528,10000.0,0.39409270603209734,2.0,greenway,0.0,50.0
529,10000.0,0.6219500588253142,2.0,greenway,0.2,24.0
530,10000.0,0.39409270603209734,2.0,recreation,0.2,27.0
531,10000.0,0.39409270603209734,2.0,recreation,0.0,50.0
532,10000.0,0.6219500588253142,2.0,greenway,0.2,23.0
533,10000.0,0.6219500588253142,2.0,recreation,0.0,50.0
534,10000.0,0.6198957258835436,2.0,recreation,0.0,50.0
535,10000.0,0.40551957078278067,2.0,recreation,0.0,50.0
536,10000.0,0.6198957258835436,2.0,sports,0.2,30.0
537,10000.0,0.6198957258835436,2.0,sports,0.2,25.0
538,10000.0,0.40551957078278067,2.0,recreation,0.2,29.0
539,10000.0,0.40551957078278067,2.0,sports,0.0,50.0
540,10000.0,0.7475169982761145,2.0,greenway,0.4,26.5
541,10000.0,0.7135188484564425,2.0,greenway,0.2,25.0
542,10000.0,0.7475169982761145,2.0,recreation,0.2,24.0
543,10000.0,0.7475169982761145,2.0,recreation,0.0,50.0
544,10000.0,0.7135188484564425,2.0,greenway,0.0,50.0
545,10000.0,0.7135188484564425,2.0,recreation,0.0,50.0
546,10000.0,0.21974459774792196,2.0,recreation,0.2,32.0
547,10000.0,0.3327328246086836,2.0,recreation,0.0,50.0
548,10000.0,0.21974459774792196,2.0,greenway,0.2,32.0
549,10000.0,0.21974459774792196,2.0,greenway,0.4,29.5
550,10000.0,0.3327328246086836,2.0,recreation,0.6,28.0
551,10000.0,0.3327328246086836,2.0,greenway,0.2,27.0
552,10000.0,0.33191130533814434,2.0,greenway,0.2,30.0
553,10000.0,0.4969847651198507,2.0,greenway,0.2,30.0
554,10000.0,0.33191130533814434,2.0,greenway,0.2,29.0
555,10000.0,0.33191130533814434,2.0,greenway,0.0,50.0
556,10000.0,0.4969847651198507,2.0,greenway,0.0,50.0
557,10000.0,0.4969847651198507,2.0,greenway,0.0,50.0
558,10000.0,0.7103508964180947,2.0,recreation,0.4,26.0
559,10000.0,0.5681027386337519,2.0,recreation,0.0,50.0
560,10000.0,0.7103508964180947,2.0,sports,0.4,24.5
561,10000.0,0.7103508964180947,2.0,sports,0.0,50.0
562,10000.0,0.5681027386337519,2.0,recreation,0.2,33.0
563,10000.0,0.5681027386337519,2.0,sports,0.0,50.0
564,10000.0,0.5070618255063892,2.0,sports,0.0,50.0
565,10000.0,0.24137635026127102,2.0,sports,0.0,50.0
566,10000.0,0.5070618255063892,2.0,sports,0.0,50.0
567,10000.0,0.5070618255063892,2.0,sports,0.6,27.0
568,10000.0,0.24137635026127102,2.0,sports,0.2,30.0
569,10000.0,0.24137635026127102,2.0,sports,0.2,36.0
570,10000.0,0.43192599620670086,2.0,sports,0.2,28.0
571,10000.0,0.7674748864024878,2.0,sports,0.2,29.0
572,10000.0,0.43192599620670086,2.0,recreation,0.4,27.5
573,10000.0,0.43192599620670086,2.0,recreation,0.4,29.5
574,10000.0,0.7674748864024878,2.0,sports,0.2,25.0
575,10000.0,0.7674748864024878,2.0,recreation,0.4,26.5
576,10000.0,0.4417394015938044,2.0,greenway,0.4,30.0
577,10000.0,0.5343399532139301,2.0,greenway,0.2,28.0
578,10000.0,0.4417394015938044,2.0,sports,0.2,33.0
579,10000.0,0.4417394015938044,2.0,sports,0.2,34.0
580,10000.0,0.5343399532139301,2.0,greenway,0.4,25.0
581,10000.0,0.5343399532139301,2.0,sports,0.0,50.0
582,10000.0,0.5160007547587158,2.0,recreation,0.2,22.0
583,10000.0,0.4557509815320373,2.0,recreation,0.4,23.0
584,10000.0,0.5160007547587158,2.0,greenway,0.4,23.0
585,10000.0,0.5160007547587158,2.0,greenway,0.0,50.0
586,10000.0,0.4557509815320373,2.0,recreation,0.4,27.5
587,10000.0,0.4557509815320373,2.0,greenway,0.0,50.0
588,10000.0,0.7166417399421334,2.0,sports,0.2,25.0
589,10000.0,0.7290200144052505,2.0,sports,0.0,50.0
590,10000.0,0.7166417399421334,2.0,recreation,0.2,25.0
591,10000.0,0.7166417399421334,2.0,recreation,0.2,29.0
592,10000.0,0.7290200144052505,2.0,sports,0.0,50.0
593,10000.0,0.7290200144052505,2.0,recreation,0.4,24.0
594,10000.0,0.34436807800084357,2.0,sports,0.2,33.0
595,10000.0,0.2048254979774356,2.0,sports,0.4,29.5
596,10000.0,0.34436807800084357,2.0,sports,0.0,50.0
597,10000.0,0.34436807800084357,2.0,sports,0.4,31.5
598,10000.0,0.2048254979774356,2.0,sports,0.0,50.0
599,10000.0,0.2048254979774356,2.0,sports,0.8,31.5
600,10000.0,0.23219228442758322,2.0,greenway,0.4,29.0
601,10000.0,0.3595971427857876,2.0,greenway,0.4,29.5
602,10000.0,0.23219228442758322,2.0,greenway,0.2,30.0
603,10000.0,0.23219228442758322,2.0,greenway,0.2,25.0
604,10000.0,0.3595971427857876,2.0,greenway,0.2,30.0
605,10000.0,0.3595971427857876,2.0,greenway,0.4,25.0
606,10000.0,0.7538170663639905,2.0,recreation,0.2,33.0
607,10000.0,0.5928736289963127,2.0,recreation,0.4,25.0
608,10000.0,0.7538170663639905,2.0,recreation,0.2,31.0
609,10000.0,0.7538170663639905,2.0,recreation,0.0,50.0
610,10000.0,0.5928736289963127,2.0,recreation,0.4,26.0
611,10000.0,0.5928736289963127,2.0,recreation,0.0,50.0
612,10000.0,0.6288254261016846,2.0,greenway,0.2,26.0
613,10000.0,0.30086832791566853,2.0,greenway,0.0,50.0
614,10000.0,0.6288254261016846,2.0,greenway,0.2,25.0
615,10000.0,0.6288254261016846,2.0,greenway,0.0,50.0
616,10000.0,0.30086832791566853,2.0,greenway,0.2,31.0
617,10000.0,0.30086832791566853,2.0,greenway,0.0,50.0
618,10000.0,0.4039151929318905,2.0,recreation,0.2,34.0
619,10000.0,0.6703753320500255,2.0,recreation,0.2,29.0
620,10000.0,0.4039151929318905,2.0,sports,0.0,50.0
621,10000.0,0.4039151929318905,2.0,sports,0.2,26.0
622,10000.0,0.6703753320500255,2.0,recreation,0.4,24.5
623,10000.0,0.6703753320500255,2.0,sports,0.4,28.5
624,10000.0,0.3709191605448723,2.0,sports,0.0,50.0
625,10000.0,0.3208788549527526,2.0,sports,0.2,28.0
626,10000.0,0.3709191605448723,2.0,recreation,0.0,50.0
627,10000.0,0.3709191605448723,2.0,recreation,0.0,50.0
628,10000.0,0.3208788549527526,2.0,sports,0.2,31.0
629,10000.0,0.3208788549527526,2.0,recreation,0.0,50.0
630,10000.0,0.5963429518043996,2.0,sports,0.2,29.0
631,10000.0,0.6878955610096456,2.0,sports,0.4,26.0
632,10000.0,0.5963429518043996,2.0,sports,0.2,27.0
633,10000.0,0.5963429518043996,2.0,sports,0.0,50.0
634,10000.0,0.6878955610096456,2.0,sports,0.0,50.0
635,10000.0,0.6878955610096456,2.0,sports,0.2,29.0
636,10000.0,0.7710648884996774,2.0,greenway,0.2,25.0
637,10000.0,0.4168237937614322,2.0,greenway,0.0,50.0
638,10000.0,0.7710648884996774,2.0,sports,0.2,27.0
639,10000.0,0.7710648884996774,2.0,sports,0.0,50.0
640,10000.0,0.4168237937614322,2.0,greenway,0.0,50.0
641,10000.0,0.4168237937614322,2.0,sports,0.0,50.0
642,10000.0,0.2429229868575931,2.0,recreation,0.2,30.0
643,10000.0,0.6481960445642472,2.0,recreation,0.2,32.0
644,10000.0,0.2429229868575931,2.0,greenway,0.0,50.0
645,10000.0,0.2429229868575931,2.0,greenway,0.0,50.0
646,10000.0,0.6481960445642472,2.0,recreation,0.0,50.0
647,10000.0,0.6481960445642472,2.0,greenway,0.0,50.0
648,10000.0,0.2807568157091737,2.0,greenway,0.0,50.0
649,10000.0,0.7840116342529655,2.0,greenway,0.4,22.0
650,10000.0,0.2807568157091737,2.0,greenway,0.4,27.5
651,10000.0,0.2807568157091737,2.0,greenway,0.2,32.0
652,10000.0,0.7840116342529655,2.0,greenway,0.4,26.5
653,10000.0,0.7840116342529655,2.0,greenway,0.0,50.0
654,10000.0,0.6582315267995,2.0,recreation,0.2,25.0
655,10000.0,0.2623074136674404,2.0,recreation,0.2,28.0
656,10000.0,0.6582315267995,2.0,recreation,0.2,29.0
657,10000.0,0.6582315267995,2.0,recreation,0.2,27.0
658,10000.0,0.2623074136674404,2.0,recreation,0.0,50.0
659,10000.0,0.2623074136674404,2.0,recreation,0.2,32.0
660,10000.0,0.5591763157397509,2.0,greenway,0.0,50.0
661,10000.0,0.5521154491230846,2.0,greenway,0.2,28.0
662,10000.0,0.5591763157397509,2.0,sports,0.2,33.0
663,10000.0,0.5591763157397509,2.0,sports,0.0,50.0
664,10000.0,0.5521154491230846,2.0,greenway,0.4,23.5
665,10000.0,0.5521154491230846,2.0,sports,0.0,50.0
666,10000.0,0.4830853339284659,2.0,recreation,0.0,50.0
667,10000.0,0.4754307106137276,2.0,recreation,0.0,50.0
668,10000.0,0.4830853339284659,2.0,recreation,0.0,50.0
669,10000.0,0.4830853339284659,2.0,recreation,0.4,30.0
670,10000.0,0.4754307106137276,2.0,recreation,0.4,32.5
671,10000.0,0.4754307106137276,2.0,recreation,0.4,28.0
672,10000.0,0.46864186134189373,2.0,sports,0.0,50.0
673,10000.0,0.7223650313913823,2.0,sports,0.2,28.0
674,10000.0,0.46864186134189373,2.0,greenway,0.2,26.0
675,10000.0,0.46864186134189373,2.0,greenway,0.4,24.5
676,10000.0,0.7223650313913823,2.0,sports,0.4,27.5
677,10000.0,0.7223650313913823,2.0,greenway,0.2,28.0
678,10000.0,0.5454930169507861,2.0,sports,0.0,50.0
679,10000.0,0.34377632793039087,2.0,sports,0.4,28.5
680,10000.0,0.5454930169507861,2.0,sports,0.0,50.0
681,10000.0,0.5454930169507861,2.0,sports,0.2,29.0
682,10000.0,0.34377632793039087,2.0,sports,0.0,50.0
683,10000.0,0.34377632793039087,2.0,sports,0.2,29.0
684,10000.0,0.6730503812432289,2.0,greenway,0.2,25.0
685,10000.0,0.6170588076114656,2.0,greenway,0.0,50.0
686,10000.0,0.6730503812432289,2.0,greenway,0.2,25.0
687,10000.0,0.6730503812432289,2.0,greenway,0.0,50.0
688,10000.0,0.6170588076114656,2.0,greenway,0.2,29.0
689,10000.0,0.6170588076114656,2.0,greenway,0.2,27.0
690,10000.0,0.2940647639334202,2.0,recreation,0.2,25.0
691,10000.0,0.39286459516733885,2.0,recreation,0.2,26.0
692,10000.0,0.2940647639334202,2.0,recreation,0.2,25.0
693,10000.0,0.2940647639334202,2.0,recreation,0.2,31.0
694,10000.0,0.39286459516733885,2.0,recreation,0.2,29.0
695,10000.0,0.39286459516733885,2.0,recreation,0.2,25.0
696,10000.0,0.2563138354569674,2.0,greenway,0.2,33.0
697,10000.0,0.24774152562022211,2.0,greenway,0.2,28.0
698,10000.0,0.2563138354569674,2.0,recreation,0.4,30.5
699,10000.0,0.2563138354569674,2.0,recreation,0.0,50.0
700,10000.0,0.24774152562022211,2.0,greenway,0.2,23.0
701,10000.0,0.24774152562022211,2.0,recreation,0.2,30.0
702,10000.0,0.7858018483966589,2.0,recreation,0.2,22.0
703,10000.0,0.7810177078470588,2.0,recreation,0.0,50.0
704,10000.0,0.7858018483966589,2.0,sports,0.4,29.5
705,10000.0,0.7858018483966589,2.0,sports,0.4,31.5
706,10000.0,0.7810177078470588,2.0,recreation,0.0,50.0
707,10000.0,0.7810177078470588,2.0,sports,0.4,27.5
708,10000.0,0.5827415520325303,2.0,sports,0.4,33.0
709,10000.0,0.4890081152319909,2.0,sports,0.4,29.5
710,10000.0,0.5827415520325303,2.0,recreation,0.0,50.0
711,10000.0,0.5827415520325303,2.0,recreation,0.0,50.0
712,10000.0,0.4890081152319909,2.0,sports,0.0,50.0
713,10000.0,0.4890081152319909,2.0,recreation,0.2,28.0
714,10000.0,0.3563927920535207,2.0,sports,0.6,33.0
715,10000.0,0.5585148511454463,2.0,sports,0.0,50.0
716,10000.0,0.3563927920535207,2.0,greenway,0.6,26.0
717,10000.0,0.3563927920535207,2.0,greenway,0.4,27.0
718,10000.0,0.5585148511454463,2.0,sports,0.4,31.5
719,10000.0,0.5585148511454463,2.0,greenway,0.0,50.0
720,10000.0,0.41875922773033386,2.0,greenway,0.4,26.0
721,10000.0,0.43398903068155054,2.0,greenway,0.4,31.5
722,10000.0,0.41875922773033386,2.0,sports,0.0,50.0
723,10000.0,0.41875922773033386,2.0,sports,0.2,33.0
724,10000.0,0.43398903068155054,2.0,greenway,0.0,50.0
725,10000.0,0.43398903068155054,2.0,sports,0.2,38.0
726,10000.0,0.6421036230400206,2.0,recreation,0.2,28.0
727,10000.0,0.501005468517542,2.0,recreation,0.2,24.0
728,10000.0,0.6421036230400206,2.0,recreation,0.0,50.0
729,10000.0,0.6421036230400206,2.0,recreation,0.0,50.0
730,10000.0,0.501005468517542,2.0,recreation,0.0,50.0
731,10000.0,0.501005468517542,2.0,recreation,0.0,50.0
732,10000.0,0.7393301073461771,2.0,greenway,0.2,29.0
733,10000.0,0.22992025446146727,2.0,greenway,0.2,35.0
734,10000.0,0.7393301073461771,2.0,greenway,0.0,50.0
735,10000.0,0.7393301073461771,2.0,greenway,0.0,50.0
736,10000.0,0.22992025446146727,2.0,greenway,0.4,29.0
737,10000.0,0.22992025446146727,2.0,greenway,0.0,50.0
738,10000.0,0.21855705194175246,2.0,recreation,0.2,26.0
739,10000.0,0.761292201280594,2.0,recreation,0.2,25.0
740,10000.0,0.21855705194175246,2.0,recreation,0.2,32.0
741,10000.0,0.21855705194175246,2.0,recreation,0.2,35.0
742,10000.0,0.761292201280594,2.0,recreation,0.0,50.0
743,10000.0,0.761292201280594,2.0,recreation,0.2,23.0
744,10000.0,0.33079642951488497,2.0,sports,0.2,29.0
745,10000.0,0.597075747512281,2.0,sports,0.2,30.0
746,10000.0,0.33079642951488497,2.0,sports,0.2,35.0
747,10000.0,0.33079642951488497,2.0,sports,0.2,32.0
748,10000.0,0.597075747512281,2.0,sports,0.0,50.0
749,10000.0,0.597075747512281,2.0,sports,0.0,50.0
750,10000.0,0.7020901910960675,2.0,sports,0.0,50.0
751,10000.0,0.3753718309104443,2.0,sports,0.0,50.0
752,10000.0,0.7020901910960675,2.0,greenway,0.4,25.5
753,10000.0,0.7020901910960675,2.0,greenway,0.0,50.0
754,10000.0,0.3753718309104443,2.0,sports,0.4,33.0
755,10000.0,0.3753718309104443,2.0,greenway,0.0,50.0
756,10000.0,0.529343537054956,2.0,greenway,0.0,50.0
757,10000.0,0.6651841579005122,2.0,greenway,0.2,27.0
758,10000.0,0.529343537054956,2.0,recreation,0.0,50.0
759,10000.0,0.529343537054956,2.0,recreation,0.6,28.0
760,10000.0,0.6651841579005122,2.0,greenway,0.0,50.0
761,10000.0,0.6651841579005122,2.0,recreation,0.0,50.0
762,10000.0,0.45651984792202716,2.0,recreation,0.0,50.0
763,10000.0,0.28849968761205674,2.0,recreation,0.0,50.0
764,10000.0,0.45651984792202716,2.0,greenway,0.2,27.0
765,10000.0,0.45651984792202716,2.0,greenway,0.2,21.0
766,10000.0,0.28849968761205674,2.0,recreation,0.4,28.5
767,10000.0,0.28849968761205674,2.0,greenway,0.0,50.0
768,10000.0,0.45379779022187,2.0,sports,0.2,34.0
769,10000.0,0.6064253738150001,2.0,sports,0.0,50.0
770,10000.0,0.45379779022187,2.0,recreation,0.2,27.0
771,10000.0,0.45379779022187,2.0,recreation,0.2,27.0
772,10000.0,0.6064253738150001,2.0,sports,0.2,28.0
773,10000.0,0.6064253738150001,2.0,recreation,0.2,25.0
774,10000.0,0.5322143500670791,2.0,sports,0.0,50.0
775,10000.0,0.38472109958529477,2.0,sports,0.6,32.0
776,10000.0,0.5322143500670791,2.0,greenway,0.0,50.0
777,10000.0,0.5322143500670791,2.0,greenway,0.2,27.0
778,10000.0,0.38472109958529477,2.0,sports,0.0,50.0
779,10000.0,0.38472109958529477,2.0,greenway,0.2,29.0
780,10000.0,0.7039251707494261,2.0,greenway,0.2,22.0
781,10000.0,0.6558020232245327,2.0,greenway,0.2,32.0
782,10000.0,0.7039251707494261,2.0,sports,0.2,27.0
783,10000.0,0.7039251707494261,2.0,sports,0.0,50.0
784,10000.0,0.6558020232245327,2.0,greenway,0.2,30.0
785,10000.0,0.6558020232245327,2.0,sports,0.0,50.0
786,10000.0,0.3288126587867737,2.0,recreation,0.0,50.0
787,10000.0,0.2791173383593559,2.0,recreation,0.0,50.0
788,10000.0,0.3288126587867737,2.0,greenway,0.0,50.0
789,10000.0,0.3288126587867737,2.0,greenway,0.2,29.0
790,10000.0,0.2791173383593559,2.0,recreation,0.2,30.0
791,10000.0,0.2791173383593559,2.0,greenway,0.0,50.0
792,10000.0,0.21597933284938337,2.0,greenway,0.2,29.0
793,10000.0,0.44337377604097133,2.0,greenway,0.4,27.0
794,10000.0,0.21597933284938337,2.0,greenway,0.2,29.0
795,10000.0,0.21597933284938337,2.0,greenway,0.4,24.5
796,10000.0,0.44337377604097133,2.0,greenway,0.0,50.0
797,10000.0,0.44337377604097133,2.0,greenway,0.0,50.0
798,10000.0,0.7417590353637935,2.0,recreation,0.2,24.0
799,10000.0,0.5103905715048314,2.0,recreation,0.4,27.5
800,10000.0,0.7417590353637935,2.0,recreation,0.4,28.0
801,10000.0,0.7417590353637935,2.0,recreation,0.2,22.0
802,10000.0,0.5103905715048314,2.0,recreation,0.0,50.0
803,10000.0,0.5103905715048314,2.0,recreation,0.0,50.0
804,10000.0,0.6443804876878858,2.0,sports,0.2,25.0
805,10000.0,0.22057338189333678,2.0,sports,0.2,35.0
806,10000.0,0.6443804876878858,2.0,sports,0.0,50.0
807,10000.0,0.6443804876878858,2.0,sports,0.2,24.0
808,10000.0,0.22057338189333678,2.0,sports,0.0,50.0
809,10000.0,0.22057338189333678,2.0,sports,0.2,36.0
810,10000.0,0.4166311183944345,2.0,sports,0.0,50.0
811,10000.0,0.7519455432891846,2.0,sports,0.2,27.0
812,10000.0,0.4166311183944345,2.0,recreation,0.2,25.0
813,10000.0,0.4166311183944345,2.0,recreation,0.2,27.0
814,10000.0,0.7519455432891846,2.0,sports,0.2,20.0
815,10000.0,0.7519455432891846,2.0,recreation,0.2,22.0
816,10000.0,0.35822090525180106,2.0,greenway,0.0,50.0
817,10000.0,0.23835695907473564,2.0,greenway,0.0,50.0
818,10000.0,0.35822090525180106,2.0,recreation,0.2,27.0
819,10000.0,0.35822090525180106,2.0,recreation,0.2,30.0
820,10000.0,0.23835695907473564,2.0,greenway,0.2,29.0
821,10000.0,0.23835695907473564,2.0,recreation,0.2,29.0
822,10000.0,0.580769225396216,2.0,recreation,0.2,27.0
823,10000.0,0.7716334989294411,2.0,recreation,0.2,32.0
824,10000.0,0.580769225396216,2.0,greenway,0.4,27.5
825,10000.0,0.580769225396216,2.0,greenway,0.2,29.0
826,10000.0,0.7716334989294411,2.0,recreation,0.2,24.0
827,10000.0,0.7716334989294411,2.0,greenway,0.0,50.0
828,10000.0,0.783104967698455,2.0,greenway,0.2,30.0
829,10000.0,0.49835530966520314,2.0,greenway,0.0,50.0
830,10000.0,0.783104967698455,2.0,recreation,0.0,50.0
831,10000.0,0.783104967698455,2.0,recreation,0.2,27.0
832,10000.0,0.49835530966520314,2.0,greenway,0.2,29.0
833,10000.0,0.49835530966520314,2.0,recreation,0.2,26.0
834,10000.0,0.2591548938304186,2.0,recreation,0.4,27.5
835,10000.0,0.5678622601553798,2.0,recreation,0.0,50.0
836,10000.0,0.2591548938304186,2.0,sports,0.2,32.0
837,10000.0,0.2591548938304186,2.0,sports,0.4,28.0
838,10000.0,0.5678622601553798,2.0,recreation,0.2,30.0
839,10000.0,0.5678622601553798,2.0,sports,0.0,50.0
840,10000.0,0.2963301844894886,2.0,sports,0.0,50.0
841,10000.0,0.7130162991583349,2.0,sports,0.2,25.0
842,10000.0,0.2963301844894886,2.0,greenway,0.2,31.0
843,10000.0,0.2963301844894886,2.0,greenway,0.4,28.0
844,10000.0,0.7130162991583349,2.0,sports,0.2,29.0
845,10000.0,0.7130162991583349,2.0,greenway,0.4,23.0
846,10000.0,0.6709291383624078,2.0,sports,0.2,31.0
847,10000.0,0.3344272380694747,2.0,sports,0.2,30.0
848,10000.0,0.6709291383624078,2.0,recreation,0.2,26.0
849,10000.0,0.6709291383624078,2.0,recreation,0.2,26.0
850,10000.0,0.3344272380694747,2.0,sports,0.2,31.0
851,10000.0,0.3344272380694747,2.0,recreation,0.4,26.0
852,10000.0,0.5429450524970889,2.0,greenway,0.0,50.0
853,10000.0,0.6264416933059693,2.0,greenway,0.0,50.0
854,10000.0,0.5429450524970889,2.0,greenway,0.0,50.0
855,10000.0,0.5429450524970889,2.0,greenway,0.2,21.0
856,10000.0,0.6264416933059693,2.0,greenway,0.2,32.0
857,10000.0,0.6264416933059693,2.0,greenway,0.0,50.0
858,10000.0,0.4710456123575569,2.0,recreation,0.2,31.0
859,10000.0,0.4022472662851215,2.0,recreation,0.0,50.0
860,10000.0,0.4710456123575569,2.0,sports,0.0,50.0
861,10000.0,0.4710456123575569,2.0,sports,0.4,29.0
862,10000.0,0.4022472662851215,2.0,recreation,0.2,30.0
863,10000.0,0.4022472662851215,2.0,sports,0.0,50.0
864,10000.0,0.4858255591243506,2.0,greenway,0.0,50.0
865,10000.0,0.7933954497799278,2.0,greenway,0.0,50.0
866,10000.0,0.4858255591243506,2.0,sports,0.0,50.0
867,10000.0,0.4858255591243506,2.0,sports,0.0,50.0
868,10000.0,0.7933954497799278,2.0,greenway,0.0,50.0
869,10000.0,0.7933954497799278,2.0,sports,0.0,50.0
870,10000.0,0.5562873352319002,2.0,recreation,0.0,50.0
871,10000.0,0.2716914437711239,2.0,recreation,0.2,30.0
872,10000.0,0.5562873352319002,2.0,recreation,0.2,28.0
873,10000.0,0.5562873352319002,2.0,recreation,0.0,50.0
874,10000.0,0.2716914437711239,2.0,recreation,0.2,28.0
875,10000.0,0.2716914437711239,2.0,recreation,0.2,28.0
876,10000.0,0.6563780935481192,2.0,sports,0.0,50.0
877,10000.0,0.5427675036713482,2.0,sports,0.2,32.0
878,10000.0,0.6563780935481192,2.0,greenway,0.0,50.0
879,10000.0,0.6563780935481192,2.0,greenway,0.6,24.0
880,10000.0,0.5427675036713482,2.0,sports,0.2,25.0
881,10000.0,0.5427675036713482,2.0,greenway,0.4,25.0
882,10000.0,0.28275904003530744,2.0,sports,0.0,50.0
883,10000.0,0.4660831227898598,2.0,sports,0.2,32.0
884,10000.0,0.28275904003530744,2.0,sports,0.2,32.0
885,10000.0,0.28275904003530744,2.0,sports,0.0,50.0
886,10000.0,0.4660831227898598,2.0,sports,0.4,28.0
887,10000.0,0.4660831227898598,2.0,sports,0.2,35.0
888,10000.0,0.24551915954798462,2.0,greenway,0.2,26.0
889,10000.0,0.3302251195535064,2.0,greenway,0.2,29.0
890,10000.0,0.24551915954798462,2.0,sports,0.2,34.0
891,10000.0,0.24551915954798462,2.0,sports,0.0,50.0
892,10000.0,0.3302251195535064,2.0,greenway,0.2,25.0
893,10000.0,0.3302251195535064,2.0,sports,0.0,50.0
894,10000.0,0.7686175068840386,2.0,recreation,0.4,27.0
895,10000.0,0.6972416110336781,2.0,recreation,0.2,24.0
896,10000.0,0.7686175068840386,2.0,greenway,0.6,26.0
897,10000.0,0.7686175068840386,2.0,greenway,0.0,50.0
898,10000.0,0.6972416110336781,2.0,recreation,0.2,29.0
899,10000.0,0.6972416110336781,2.0,greenway,0.0,50.0
900,10000.0,0.5940479196608067,2.0,greenway,0.0,50.0
901,10000.0,0.40743844043463473,2.0,greenway,0.4,26.5
902,10000.0,0.5940479196608067,2.0,recreation,0.2,28.0
903,10000.0,0.5940479196608067,2.0,recreation,0.2,31.0
904,10000.0,0.40743844043463473,2.0,greenway,0.2,33.0
905,10000.0,0.40743844043463473,2.0,recreation,0.0,50.0
906,10000.0,0.3730654373764992,2.0,recreation,0.2,26.0
907,10000.0,0.6388103336095811,2.0,recreation,0.0,50.0
908,10000.0,0.3730654373764992,2.0,greenway,0.2,32.0
909,10000.0,0.3730654373764992,2.0,greenway,0.2,37.0
910,10000.0,0.6388103336095811,2.0,recreation,0.4,26.0
911,10000.0,0.6388103336095811,2.0,greenway,0.4,27.0
912,10000.0,0.4021052472293377,2.0,sports,0.0,50.0
913,10000.0,0.350251629203558,2.0,sports,0.4,32.5
914,10000.0,0.4021052472293377,2.0,greenway,0.6,30.0
915,10000.0,0.4021052472293377,2.0,greenway,0.2,27.0
916,10000.0,0.350251629203558,2.0,sports,0.0,50.0
917,10000.0,0.350251629203558,2.0,greenway,0.4,32.5
918,10000.0,0.6307795852422715,2.0,sports,0.2,31.0
919,10000.0,0.583527900837362,2.0,sports,0.0,50.0
920,10000.0,0.6307795852422715,2.0,sports,0.4,27.5
921,10000.0,0.6307795852422715,2.0,sports,0.0,50.0
922,10000.0,0.583527900837362,2.0,sports,0.4,31.0
923,10000.0,0.583527900837362,2.0,sports,0.0,50.0
924,10000.0,0.7564954934641719,2.0,greenway,0.2,30.0
925,10000.0,0.3102545753121376,2.0,greenway,0.2,29.0
926,10000.0,0.7564954934641719,2.0,sports,0.0,50.0
927,10000.0,0.7564954934641719,2.0,sports,0.4,26.5
928,10000.0,0.3102545753121376,2.0,greenway,0.0,50.0
929,10000.0,0.3102545753121376,2.0,sports,0.2,28.0
930,10000.0,0.22936967965215446,2.0,recreation,0.0,50.0
931,10000.0,0.679761221818626,2.0,recreation,0.2,22.0
932,10000.0,0.22936967965215446,2.0,recreation,0.4,33.0
933,10000.0,0.22936967965215446,2.0,recreation,0.0,50.0
934,10000.0,0.679761221818626,2.0,recreation,0.0,50.0
935,10000.0,0.679761221818626,2.0,recreation,0.0,50.0
936,10000.0,0.34212111104279763,2.0,greenway,0.0,50.0
937,10000.0,0.5249564595520497,2.0,greenway,0.0,50.0
938,10000.0,0.34212111104279763,2.0,recreation,0.0,50.0
939,10000.0,0.34212111104279763,2.0,recreation,0.6,29.0
940,10000.0,0.5249564595520497,2.0,greenway,0.0,50.0
941,10000.0,0.5249564595520497,2.0,recreation,0.2,27.0
942,10000.0,0.7187445292249324,2.0,recreation,0.0,50.0
943,10000.0,0.446367702446878,2.0,recreation,0.2,21.0
944,10000.0,0.7187445292249324,2.0,sports,0.2,32.0
945,10000.0,0.7187445292249324,2.0,sports,0.2,26.0
946,10000.0,0.446367702446878,2.0,recreation,0.2,27.0
947,10000.0,0.446367702446878,2.0,sports,0.2,25.0
948,10000.0,0.5185305517166854,2.0,sports,0.2,28.0
949,10000.0,0.7383681386709213,2.0,sports,0.0,50.0
950,10000.0,0.5185305517166854,2.0,recreation,0.2,27.0
951,10000.0,0.5185305517166854,2.0,recreation,0.2,25.0
952,10000.0,0.7383681386709213,2.0,sports,0.2,31.0
953,10000.0,0.7383681386709213,2.0,recreation,0.4,25.0
954,10000.0,0.4393538180738688,2.0,sports,0.0,50.0
955,10000.0,0.21417397987097503,2.0,sports,0.4,33.0
956,10000.0,0.4393538180738688,2.0,greenway,0.0,50.0
957,10000.0,0.4393538180738688,2.0,greenway,0.0,50.0
958,10000.0,0.21417397987097503,2.0,sports,0.4,31.0
959,10000.0,0.21417397987097503,2.0,greenway,0.0,50.0
960,10000.0,0.43392820265144116,2.0,greenway,0.4,28.5
961,10000.0,0.4876000555232168,2.0,greenway,0.0,50.0
962,10000.0,0.43392820265144116,2.0,greenway,0.0,50.0
963,10000.0,0.43392820265144116,2.0,greenway,0.0,50.0
964,10000.0,0.4876000555232168,2.0,greenway,0.0,50.0
965,10000.0,0.4876000555232168,2.0,greenway,0.2,30.0
966,10000.0,0.5052083743736149,2.0,recreation,0.4,26.0
967,10000.0,0.5587183866649867,2.0,recreation,0.2,26.0
968,10000.0,0.5052083743736149,2.0,recreation,0.2,28.0
969,10000.0,0.5052083743736149,2.0,recreation,0.0,50.0
970,10000.0,0.5587183866649867,2.0,recreation,0.0,50.0
971,10000.0,0.5587183866649867,2.0,recreation,0.0,50.0
972,10000.0,0.7074618980288507,2.0,greenway,0.4,27.0
973,10000.0,0.25072340164333584,2.0,greenway,0.2,31.0
974,10000.0,0.7074618980288507,2.0,greenway,0.4,26.5
975,10000.0,0.7074618980288507,2.0,greenway,0.0,50.0
976,10000.0,0.25072340164333584,2.0,greenway,0.2,29.0
977,10000.0,0.25072340164333584,2.0,greenway,0.0,50.0
978,10000.0,0.3346515126526356,2.0,recreation,0.2,31.0
979,10000.0,0.7768221523612739,2.0,recreation,0.0,50.0
980,10000.0,0.3346515126526356,2.0,sports,0.0,50.0
981,10000.0,0.3346515126526356,2.0,sports,0.2,32.0
982,10000.0,0.7768221523612739,2.0,recreation,0.2,25.0
983,10000.0,0.7768221523612739,2.0,sports,0.2,28.0
984,10000.0,0.22189085669815542,2.0,sports,0.2,34.0
985,10000.0,0.6126011835411191,2.0,sports,0.2,27.0
986,10000.0,0.22189085669815542,2.0,sports,0.0,50.0
987,10000.0,0.22189085669815542,2.0,sports,0.0,50.0
988,10000.0,0.6126011835411191,2.0,sports,0.2,29.0
989,10000.0,0.6126011835411191,2.0,sports,0.0,50.0
990,10000.0,0.7452219482511282,2.0,sports,0.0,50.0
991,10000.0,0.3961703378707171,2.0,sports,0.0,50.0
992,10000.0,0.7452219482511282,2.0,greenway,0.4,25.0
993,10000.0,0.7452219482511282,2.0,greenway,0.6,26.0
994,10000.0,0.3961703378707171,2.0,sports,0.2,29.0
995,10000.0,0.3961703378707171,2.0,greenway,0.0,50.0
996,10000.0,0.6174483263865114,2.0,greenway,0.4,27.5
997,10000.0,0.7229015910997987,2.0,greenway,0.2,33.0
998,10000.0,0.6174483263865114,2.0,recreation,0.2,25.0
999,10000.0,0.6174483263865114,2.0,recreation,0.0,50.0
1000,10000.0,0.7229015910997987,2.0,greenway,0.2,24.0
1001,10000.0,0.7229015910997987,2.0,recreation,0.2,24.0
1002,10000.0,0.39668886084109545,2.0,recreation,0.0,50.0
1003,10000.0,0.3421153526753188,2.0,recreation,0.0,50.0
1004,10000.0,0.39668886084109545,2.0,sports,0.4,25.5
1005,10000.0,0.39668886084109545,2.0,sports,0.0,50.0
1006,10000.0,0.3421153526753188,2.0,recreation,0.4,25.5
1007,10000.0,0.3421153526753188,2.0,sports,0.2,32.0
1008,10000.0,0.3781959215179086,2.0,greenway,0.2,27.0
1009,10000.0,0.6675826702266932,2.0,greenway,0.0,50.0
1010,10000.0,0.3781959215179086,2.0,greenway,0.0,50.0
1011,10000.0,0.3781959215179086,2.0,greenway,0.0,50.0
1012,10000.0,0.6675826702266932,2.0,greenway,0.2,26.0
1013,10000.0,0.6675826702266932,2.0,greenway,0.0,50.0
1014,10000.0,0.6076697723940016,2.0,recreation,0.4,26.0
1015,10000.0,0.2848920734599233,2.0,recreation,0.4,35.5
1016,10000.0,0.6076697723940016,2.0,recreation,0.4,29.0
1017,10000.0,0.6076697723940016,2.0,recreation,0.2,22.0
1018,10000.0,0.2848920734599233,2.0,recreation,0.2,29.0
1019,10000.0,0.2848920734599233,2.0,recreation,0.0,50.0
1020,10000.0,0.7796095822006466,2.0,greenway,0.4,25.5
1021,10000.0,0.5950843241065742,2.0,greenway,0.2,29.0
1022,10000.0,0.7796095822006466,2.0,sports,0.0,50.0
1023,10000.0,0.7796095822006466,2.0,sports,0.2,29.0
1024,10000.0,0.5950843241065742,2.0,greenway,0.2,26.0
1025,10000.0,0.5950843241065742,2.0,sports,0.0,50.0
1026,10000.0,0.2532746981829405,2.0,recreation,0.2,28.0
1027,10000.0,0.37616330776363616,2.0,recreation,0.0,50.0
1028,10000.0,0.2532746981829405,2.0,recreation,0.0,50.0
1029,10000.0,0.2532746981829405,2.0,recreation,0.2,28.0
1030,10000.0,0.37616330776363616,2.0,recreation,0.6,27.0
1031,10000.0,0.37616330776363616,2.0,recreation,0.2,28.0
1032,10000.0,0.2905238032341004,2.0,greenway,0.4,26.5
1033,10000.0,0.2310447532683611,2.0,greenway,0.2,22.0
1034,10000.0,0.2905238032341004,2.0,recreation,0.4,32.0
1035,10000.0,0.2905238032341004,2.0,recreation,0.4,29.0
1036,10000.0,0.2310447532683611,2.0,greenway,0.0,50.0
1037,10000.0,0.2310447532683611,2.0,recreation,0.6,28.0
1038,10000.0,0.6673610828816892,2.0,recreation,0.2,23.0
1039,10000.0,0.7590478645637633,2.0,recreation,0.4,23.0
1040,10000.0,0.6673610828816892,2.0,sports,0.4,27.5
1041,10000.0,0.6673610828816892,2.0,sports,0.2,30.0
1042,10000.0,0.7590478645637633,2.0,recreation,0.0,50.0
1043,10000.0,0.7590478645637633,2.0,sports,0.0,50.0
1044,10000.0,0.5699182694777847,2.0,sports,0.2,35.0
1045,10000.0,0.4301193457096816,2.0,sports,0.0,50.0
1046,10000.0,0.5699182694777847,2.0,sports,0.0,50.0
1047,10000.0,0.5699182694777847,2.0,sports,0.2,30.0
1048,10000.0,0.4301193457096816,2.0,sports,0.0,50.0
1049,10000.0,0.4301193457096816,2.0,sports,0.2,26.0
1050,10000.0,0.4909468142315746,2.0,sports,0.4,28.5
1051,10000.0,0.5037278497591615,2.0,sports,0.0,50.0
1052,10000.0,0.4909468142315746,2.0,greenway,0.2,26.0
1053,10000.0,0.4909468142315746,2.0,greenway,0.2,27.0
1054,10000.0,0.5037278497591615,2.0,sports,0.0,50.0
1055,10000.0,0.5037278497591615,2.0,greenway,0.2,26.0
1056,10000.0,0.47763866819441325,2.0,sports,0.0,50.0
1057,10000.0,0.3006667437031865,2.0,sports,0.4,33.0
1058,10000.0,0.47763866819441325,2.0,recreation,0.0,50.0
1059,10000.0,0.47763866819441325,2.0,recreation,0.0,50.0
1060,10000.0,0.3006667437031865,2.0,sports,0.2,29.0
1061,10000.0,0.3006667437031865,2.0,recreation,0.0,50.0
1062,10000.0,0.5550997894257308,2.0,sports,0.0,50.0
1063,10000.0,0.671784806624055,2.0,sports,0.0,50.0
1064,10000.0,0.5550997894257308,2.0,sports,0.0,50.0
1065,10000.0,0.5550997894257308,2.0,sports,0.2,34.0
1066,10000.0,0.671784806624055,2.0,sports,0.2,28.0
1067,10000.0,0.671784806624055,2.0,sports,0.2,31.0
1068,10000.0,0.6810446152463556,2.0,greenway,0.2,22.0
1069,10000.0,0.3637946853414178,2.0,greenway,0.6,27.0
1070,10000.0,0.6810446152463556,2.0,sports,0.0,50.0
1071,10000.0,0.6810446152463556,2.0,sports,0.2,33.0
1072,10000.0,0.3637946853414178,2.0,greenway,0.0,50.0
1073,10000.0,0.3637946853414178,2.0,sports,0.2,26.0
1074,10000.0,0.3049669371917844,2.0,recreation,0.0,50.0
1075,10000.0,0.5898931320756675,2.0,recreation,0.0,50.0
1076,10000.0,0.3049669371917844,2.0,greenway,0.4,28.0
1077,10000.0,0.3049669371917844,2.0,greenway,0.0,50.0
1078,10000.0,0.5898931320756675,2.0,recreation,0.0,50.0
1079,10000.0,0.5898931320756675,2.0,greenway,0.0,50.0
1080,10000.0,0.26780087109655143,2.0,greenway,0.0,50.0
1081,10000.0,0.7257133619859815,2.0,greenway,0.2,27.0
1082,10000.0,0.26780087109655143,2.0,greenway,0.2,30.0
1083,10000.0,0.26780087109655143,2.0,greenway,0.2,24.0
1084,10000.0,0.7257133619859815,2.0,greenway,0.4,28.5
1085,10000.0,0.7257133619859815,2.0,greenway,0.0,50.0
1086,10000.0,0.7932113585993648,2.0,recreation,0.4,24.5
1087,10000.0,0.20928282029926779,2.0,recreation,0.2,36.0
1088,10000.0,0.7932113585993648,2.0,sports,0.0,50.0
1089,10000.0,0.7932113585993648,2.0,sports,0.0,50.0
1090,10000.0,0.20928282029926779,2.0,recreation,0.2,35.0
1091,10000.0,0.20928282029926779,2.0,sports,0.2,33.0
1092,10000.0,0.5929330438375473,2.0,greenway,0.4,26.0
1093,10000.0,0.5360000545158983,2.0,greenway,0.0,50.0
1094,10000.0,0.5929330438375473,2.0,greenway,0.0,50.0
1095,10000.0,0.5929330438375473,2.0,greenway,0.4,25.0
1096,10000.0,0.5360000545158983,2.0,greenway,0.4,28.0
1097,10000.0,0.5360000545158983,2.0,greenway,0.0,50.0
1098,10000.0,0.364804732054472,2.0,recreation,0.0,50.0
1099,10000.0,0.4552140843123198,2.0,recreation,0.2,28.0
1100,10000.0,0.364804732054472,2.0,recreation,0.2,28.0
1101,10000.0,0.364804732054472,2.0,recreation,0.2,24.0
1102,10000.0,0.4552140843123198,2.0,recreation,0.4,28.5
1103,10000.0,0.4552140843123198,2.0,recreation,0.2,31.0
1104,10000.0,0.41032432466745383,2.0,greenway,0.0,50.0
1105,10000.0,0.5557244781404734,2.0,greenway,0.0,50.0
1106,10000.0,0.41032432466745383,2.0,sports,0.0,50.0
1107,10000.0,0.41032432466745383,2.0,sports,0.0,50.0
1108,10000.0,0.5557244781404734,2.0,greenway,0.4,22.5
1109,10000.0,0.5557244781404734,2.0,sports,0.0,50.0
1110,10000.0,0.6319349445402622,2.0,recreation,0.0,50.0
1111,10000.0,0.47303414959460505,2.0,recreation,0.4,24.5
1112,10000.0,0.6319349445402622,2.0,greenway,0.2,24.0
1113,10000.0,0.6319349445402622,2.0,greenway,0.0,50.0
1114,10000.0,0.47303414959460505,2.0,recreation,0.0,50.0
1115,10000.0,0.47303414959460505,2.0,greenway,0.6,29.0
1116,10000.0,0.7319435557350518,2.0,sports,0.2,24.0
1117,10000.0,0.7832215365022421,2.0,sports,0.0,50.0
1118,10000.0,0.7319435557350518,2.0,recreation,0.4,29.5
1119,10000.0,0.7319435557350518,2.0,recreation,0.0,50.0
1120,10000.0,0.7832215365022421,2.0,sports,0.2,29.0
1121,10000.0,0.7832215365022421,2.0,recreation,0.2,27.0
1122,10000.0,0.20704719852656128,2.0,sports,0.0,50.0
1123,10000.0,0.2643008241429925,2.0,sports,0.6,28.0
1124,10000.0,0.20704719852656128,2.0,sports,0.0,50.0
1125,10000.0,0.20704719852656128,2.0,sports,0.4,30.5
1126,10000.0,0.2643008241429925,2.0,sports,0.2,28.0
1127,10000.0,0.2643008241429925,2.0,sports,0.6,32.0
1128,10000.0,0.31987129990011454,2.0,sports,0.2,24.0
1129,10000.0,0.4190678287297488,2.0,sports,0.4,30.5
1130,10000.0,0.31987129990011454,2.0,sports,0.4,34.0
1131,10000.0,0.31987129990011454,2.0,sports,0.2,29.0
1132,10000.0,0.4190678287297488,2.0,sports,0.2,30.0
1133,10000.0,0.4190678287297488,2.0,sports,0.2,31.0
1134,10000.0,0.6941187771037222,2.0,sports,0.4,25.0
1135,10000.0,0.6470706360414624,2.0,sports,0.4,28.5
1136,10000.0,0.6941187771037222,2.0,recreation,0.2,31.0
1137,10000.0,0.6941187771037222,2.0,recreation,0.2,29.0
1138,10000.0,0.6470706360414624,2.0,sports,0.0,50.0
1139,10000.0,0.6470706360414624,2.0,recreation,0.2,27.0
1140,10000.0,0.5197597254067661,2.0,greenway,0.0,50.0
1141,10000.0,0.31815613619983196,2.0,greenway,0.4,26.0
1142,10000.0,0.5197597254067661,2.0,greenway,0.2,32.0
1143,10000.0,0.5197597254067661,2.0,greenway,0.2,27.0
1144,10000.0,0.31815613619983196,2.0,greenway,0.2,30.0
1145,10000.0,0.31815613619983196,2.0,greenway,0.4,28.0
1146,10000.0,0.44750022552907476,2.0,recreation,0.0,50.0
1147,10000.0,0.6917643720284106,2.0,recreation,0.0,50.0
1148,10000.0,0.44750022552907476,2.0,recreation,0.4,25.5
1149,10000.0,0.44750022552907476,2.0,recreation,0.4,27.5
1150,10000.0,0.6917643720284106,2.0,recreation,0.0,50.0
1151,10000.0,0.6917643720284106,2.0,recreation,0.2,30.0
1152,10000.0,0.4501645436510444,2.0,greenway,0.0,50.0
1153,10000.0,0.33683814778923993,2.0,greenway,0.6,29.0
1154,10000.0,0.4501645436510444,2.0,greenway,0.2,29.0
1155,10000.0,0.4501645436510444,2.0,greenway,0.0,50.0
1156,10000.0,0.33683814778923993,2.0,greenway,0.2,28.0
1157,10000.0,0.33683814778923993,2.0,greenway,0.2,29.0
1158,10000.0,0.5264721048995853,2.0,recreation,0.2,24.0
1159,10000.0,0.71059283670038,2.0,recreation,0.0,50.0
1160,10000.0,0.5264721048995853,2.0,sports,0.2,29.0
1161,10000.0,0.5264721048995853,2.0,sports,0.4,31.0
1162,10000.0,0.71059283670038,2.0,recreation,0.0,50.0
1163,10000.0,0.71059283670038,2.0,sports,0.0,50.0
1164,10000.0,0.6921124741435052,2.0,sports,0.0,50.0
1165,10000.0,0.4002772748470307,2.0,sports,0.0,50.0
1166,10000.0,0.6921124741435052,2.0,sports,0.0,50.0
1167,10000.0,0.6921124741435052,2.0,sports,0.2,30.0
1168,10000.0,0.4002772748470307,2.0,sports,0.0,50.0
1169,10000.0,0.4002772748470307,2.0,sports,0.2,29.0
1170,10000.0,0.3125008650124073,2.0,sports,0.0,50.0
1171,10000.0,0.6284265978261829,2.0,sports,0.2,29.0
1172,10000.0,0.3125008650124073,2.0,recreation,0.0,50.0
1173,10000.0,0.3125008650124073,2.0,recreation,0.2,29.0
1174,10000.0,0.6284265978261829,2.0,sports,0.2,30.0
1175,10000.0,0.6284265978261829,2.0,recreation,0.6,31.0
1176,10000.0,0.20033422894775868,2.0,greenway,0.0,50.0
1177,10000.0,0.7645214132964613,2.0,greenway,0.0,50.0
1178,10000.0,0.20033422894775868,2.0,recreation,0.0,50.0
1179,10000.0,0.20033422894775868,2.0,recreation,0.0,50.0
1180,10000.0,0.7645214132964613,2.0,greenway,0.2,24.0
1181,10000.0,0.7645214132964613,2.0,recreation,0.4,25.5
1182,10000.0,0.7292786475270987,2.0,recreation,0.0,50.0
1183,10000.0,0.24545420315116645,2.0,recreation,0.2,34.0
1184,10000.0,0.7292786475270987,2.0,sports,0.0,50.0
1185,10000.0,0.7292786475270987,2.0,sports,0.0,50.0
1186,10000.0,0.24545420315116645,2.0,recreation,0.6,30.0
1187,10000.0,0.24545420315116645,2.0,sports,0.2,29.0
1188,10000.0,0.639305933751166,2.0,greenway,0.0,50.0
1189,10000.0,0.5745334967970849,2.0,greenway,0.0,50.0
1190,10000.0,0.639305933751166,2.0,recreation,0.2,22.0
1191,10000.0,0.639305933751166,2.0,recreation,0.2,26.0
1192,10000.0,0.5745334967970849,2.0,greenway,0.0,50.0
1193,10000.0,0.5745334967970849,2.0,recreation,0.4,28.0
1194,10000.0,0.4123311819508672,2.0,recreation,0.4,32.5
1195,10000.0,0.49169669728726156,2.0,recreation,0.2,29.0
1196,10000.0,0.4123311819508672,2.0,greenway,0.2,27.0
1197,10000.0,0.4123311819508672,2.0,greenway,0.4,29.5
1198,10000.0,0.49169669728726156,2.0,recreation,0.0,50.0
1199,10000.0,0.49169669728726156,2.0,greenway,0.0,50.0
1200,10000.0,0.36278241071850065,2.0,sports,0.0,50.0
1201,10000.0,0.5172093575820327,2.0,sports,0.2,28.0
1202,10000.0,0.36278241071850065,2.0,sports,0.2,37.0
1203,10000.0,0.36278241071850065,2.0,sports,0.2,29.0
1204,10000.0,0.5172093575820327,2.0,sports,0.4,28.5
1205,10000.0,0.5172093575820327,2.0,sports,0.2,29.0
1206,10000.0,0.5855832116678358,2.0,sports,0.0,50.0
1207,10000.0,0.43656990304589277,2.0,sports,0.2,30.0
1208,10000.0,0.5855832116678358,2.0,recreation,0.4,25.5
1209,10000.0,0.5855832116678358,2.0,recreation,0.0,50.0
1210,10000.0,0.43656990304589277,2.0,sports,0.0,50.0
1211,10000.0,0.43656990304589277,2.0,recreation,0.4,30.5
1212,10000.0,0.7958916995674372,2.0,greenway,0.4,22.0
1213,10000.0,0.7443952305242421,2.0,greenway,0.2,21.0
1214,10000.0,0.7958916995674372,2.0,greenway,0.4,22.5
1215,10000.0,0.7958916995674372,2.0,greenway,0.0,50.0
1216,10000.0,0.7443952305242421,2.0,greenway,0.0,50.0
1217,10000.0,0.7443952305242421,2.0,greenway,0.0,50.0
1218,10000.0,0.2744926523417235,2.0,recreation,0.0,50.0
1219,10000.0,0.22811114192008974,2.0,recreation,0.2,29.0
1220,10000.0,0.2744926523417235,2.0,sports,0.2,27.0
1221,10000.0,0.2744926523417235,2.0,sports,0.0,50.0
1222,10000.0,0.22811114192008974,2.0,recreation,0.4,30.5
1223,10000.0,0.22811114192008974,2.0,sports,0.4,32.0
1224,10000.0,0.3123173236846924,2.0,greenway,0.0,50.0
1225,10000.0,0.3826035609468818,2.0,greenway,0.2,28.0
1226,10000.0,0.3123173236846924,2.0,sports,0.0,50.0
1227,10000.0,0.3123173236846924,2.0,sports,0.0,50.0
1228,10000.0,0.3826035609468818,2.0,greenway,0.0,50.0
1229,10000.0,0.3826035609468818,2.0,sports,0.0,50.0
1230,10000.0,0.6830674909055234,2.0,recreation,0.4,25.5
1231,10000.0,0.6085555367171764,2.0,recreation,0.2,28.0
1232,10000.0,0.6830674909055234,2.0,greenway,0.2,22.0
1233,10000.0,0.6830674909055234,2.0,greenway,0.2,23.0
1234,10000.0,0.6085555367171764,2.0,recreation,0.2,27.0
1235,10000.0,0.6085555367171764,2.0,greenway,0.0,50.0
1236,10000.0,0.5484074180945755,2.0,greenway,0.0,50.0
1237,10000.0,0.2819664774462581,2.0,greenway,0.4,27.0
1238,10000.0,0.5484074180945755,2.0,recreation,0.0,50.0
1239,10000.0,0.5484074180945755,2.0,recreation,0.2,29.0
1240,10000.0,0.2819664774462581,2.0,greenway,0.0,50.0
1241,10000.0,0.2819664774462581,2.0,recreation,0.0,50.0
1242,10000.0,0.47495773714035755,2.0,recreation,0.2,22.0
1243,10000.0,0.6529380425810815,2.0,recreation,0.6,31.0
1244,10000.0,0.47495773714035755,2.0,greenway,0.2,29.0
1245,10000.0,0.47495773714035755,2.0,greenway,0.2,27.0
1246,10000.0,0.6529380425810815,2.0,recreation,0.0,50.0
1247,10000.0,0.6529380425810815,2.0,greenway,0.0,50.0
1248,10000.0,0.497712141647935,2.0,greenway,0.6,27.0
1249,10000.0,0.4487737305462361,2.0,greenway,0.2,32.0
1250,10000.0,0.497712141647935,2.0,recreation,0.2,29.0
1251,10000.0,0.497712141647935,2.0,recreation,0.2,26.0
1252,10000.0,0.4487737305462361,2.0,greenway,0.2,33.0
1253,10000.0,0.4487737305462361,2.0,recreation,0.6,23.0
1254,10000.0,0.5725262444466352,2.0,recreation,0.2,27.0
1255,10000.0,0.5225287234410645,2.0,recreation,0.2,27.0
1256,10000.0,0.5725262444466352,2.0,greenway,0.0,50.0
1257,10000.0,0.5725262444466352,2.0,greenway,0.2,25.0
1258,10000.0,0.5225287234410645,2.0,recreation,0.0,50.0
1259,10000.0,0.5225287234410645,2.0,greenway,0.0,50.0
1260,10000.0,0.6600842246785761,2.0,greenway,0.2,20.0
1261,10000.0,0.2122082978487015,2.0,greenway,0.2,29.0
1262,10000.0,0.6600842246785761,2.0,recreation,0.0,50.0
1263,10000.0,0.6600842246785761,2.0,recreation,0.2,30.0
1264,10000.0,0.2122082978487015,2.0,greenway,0.2,30.0
1265,10000.0,0.2122082978487015,2.0,recreation,0.0,50.0
1266,10000.0,0.28842739928513766,2.0,recreation,0.0,50.0
1267,10000.0,0.7403578890487552,2.0,recreation,0.4,29.0
1268,10000.0,0.28842739928513766,2.0,sports,0.0,50.0
1269,10000.0,0.28842739928513766,2.0,sports,0.2,33.0
1270,10000.0,0.7403578890487552,2.0,recreation,0.2,29.0
1271,10000.0,0.7403578890487552,2.0,sports,0.2,25.0
1272,10000.0,0.2506673133000732,2.0,greenway,0.4,29.0
1273,10000.0,0.5764115057885648,2.0,greenway,0.2,23.0
1274,10000.0,0.2506673133000732,2.0,sports,0.2,26.0
1275,10000.0,0.2506673133000732,2.0,sports,0.2,29.0
1276,10000.0,0.5764115057885648,2.0,greenway,0.0,50.0
1277,10000.0,0.5764115057885648,2.0,sports,0.6,30.0
1278,10000.0,0.7728448448702694,2.0,recreation,0.2,25.0
1279,10000.0,0.3573440274223686,2.0,recreation,0.4,31.0
1280,10000.0,0.7728448448702694,2.0,recreation,0.2,25.0
1281,10000.0,0.7728448448702694,2.0,recreation,0.2,26.0
1282,10000.0,0.3573440274223686,2.0,recreation,0.2,25.0
1283,10000.0,0.3573440274223686,2.0,recreation,0.0,50.0
1284,10000.0,0.6097656220197678,2.0,sports,0.2,23.0
1285,10000.0,0.6864373400807382,2.0,sports,0.6,25.0
1286,10000.0,0.6097656220197678,2.0,greenway,0.2,27.0
1287,10000.0,0.6097656220197678,2.0,greenway,0.4,28.0
1288,10000.0,0.6864373400807382,2.0,sports,0.2,30.0
1289,10000.0,0.6864373400807382,2.0,greenway,0.0,50.0
1290,10000.0,0.3854722253978253,2.0,sports,0.2,32.0
1291,10000.0,0.3036002365872264,2.0,sports,0.0,50.0
1292,10000.0,0.3854722253978253,2.0,sports,0.2,32.0
1293,10000.0,0.3854722253978253,2.0,sports,0.2,33.0
1294,10000.0,0.3036002365872264,2.0,sports,0.4,31.5
1295,10000.0,0.3036002365872264,2.0,sports,0.2,27.0
1296,10000.0,0.3893913999199867,2.0,greenway,0.0,50.0
1297,10000.0,0.7040652787312867,2.0,greenway,0.2,31.0
1298,10000.0,0.3893913999199867,2.0,recreation,0.0,50.0
1299,10000.0,0.3893913999199867,2.0,recreation,0.2,26.0
1300,10000.0,0.7040652787312867,2.0,greenway,0.2,24.0
1301,10000.0,0.7040652787312867,2.0,recreation,0.0,50.0
1302,10000.0,0.615367940813303,2.0,recreation,0.0,50.0
1303,10000.0,0.3234255202114582,2.0,recreation,0.0,50.0
1304,10000.0,0.615367940813303,2.0,greenway,0.0,50.0
1305,10000.0,0.615367940813303,2.0,greenway,0.4,26.0
1306,10000.0,0.3234255202114582,2.0,recreation,0.4,30.5
1307,10000.0,0.3234255202114582,2.0,greenway,0.0,50.0
1308,10000.0,0.7520078739151359,2.0,sports,0.4,29.5
1309,10000.0,0.6312557114288211,2.0,sports,0.2,27.0
1310,10000.0,0.7520078739151359,2.0,sports,0.0,50.0
1311,10000.0,0.7520078739151359,2.0,sports,0.4,26.5
1312,10000.0,0.6312557114288211,2.0,sports,0.0,50.0
1313,10000.0,0.6312557114288211,2.0,sports,0.0,50.0
1314,10000.0,0.22448280882090332,2.0,sports,0.4,31.0
1315,10000.0,0.41497135460376744,2.0,sports,0.0,50.0
1316,10000.0,0.22448280882090332,2.0,greenway,0.0,50.0
1317,10000.0,0.22448280882090332,2.0,greenway,0.0,50.0
1318,10000.0,0.41497135460376744,2.0,sports,0.0,50.0
1319,10000.0,0.41497135460376744,2.0,greenway,0.2,27.0
1320,10000.0,0.33673134390264753,2.0,sports,0.4,35.5
1321,10000.0,0.2695782145485282,2.0,sports,0.0,50.0
1322,10000.0,0.33673134390264753,2.0,greenway,0.0,50.0
1323,10000.0,0.33673134390264753,2.0,greenway,0.0,50.0
1324,10000.0,0.2695782145485282,2.0,sports,0.4,28.0
1325,10000.0,0.2695782145485282,2.0,greenway,0.2,27.0
1326,10000.0,0.714758804626763,2.0,sports,0.0,50.0
1327,10000.0,0.7955304585397245,2.0,sports,0.0,50.0
1328,10000.0,0.714758804626763,2.0,sports,0.0,50.0
1329,10000.0,0.714758804626763,2.0,sports,0.2,24.0
1330,10000.0,0.7955304585397245,2.0,sports,0.6,28.0
1331,10000.0,0.7955304585397245,2.0,sports,0.6,26.0
1332,10000.0,0.5026170123368503,2.0,greenway,0.2,21.0
1333,10000.0,0.4689273802563549,2.0,greenway,0.4,26.0
1334,10000.0,0.5026170123368503,2.0,sports,0.2,25.0
1335,10000.0,0.5026170123368503,2.0,sports,0.0,50.0
1336,10000.0,0.4689273802563549,2.0,greenway,0.2,26.0
1337,10000.0,0.4689273802563549,2.0,sports,0.0,50.0
1338,10000.0,0.42714286707341675,2.0,recreation,0.2,25.0
1339,10000.0,0.5398992493748666,2.0,recreation,0.2,24.0
1340,10000.0,0.42714286707341675,2.0,recreation,0.0,50.0
1341,10000.0,0.42714286707341675,2.0,recreation,0.4,29.5
1342,10000.0,0.5398992493748666,2.0,recreation,0.0,50.0
1343,10000.0,0.5398992493748666,2.0,recreation,0.0,50.0
1344,10000.0,0.43725825231522325,2.0,sports,0.2,27.0
1345,10000.0,0.7572240848094225,2.0,sports,0.0,50.0
1346,10000.0,0.43725825231522325,2.0,sports,0.6,28.0
1347,10000.0,0.43725825231522325,2.0,sports,0.0,50.0
1348,10000.0,0.7572240848094225,2.0,sports,0.2,34.0
1349,10000.0,0.7572240848094225,2.0,sports,0.0,50.0
1350,10000.0,0.5112539594992995,2.0,sports,0.0,50.0
1351,10000.0,0.23288344610482456,2.0,sports,0.8,30.0
1352,10000.0,0.5112539594992995,2.0,greenway,0.0,50.0
1353,10000.0,0.5112539594992995,2.0,greenway,0.0,50.0
1354,10000.0,0.23288344610482456,2.0,sports,0.0,50.0
1355,10000.0,0.23288344610482456,2.0,greenway,0.0,50.0
1356,10000.0,0.7213516257703305,2.0,greenway,0.4,30.0
1357,10000.0,0.5062849443405868,2.0,greenway,0.4,29.5
1358,10000.0,0.7213516257703305,2.0,recreation,0.0,50.0
1359,10000.0,0.7213516257703305,2.0,recreation,0.2,28.0
1360,10000.0,0.5062849443405868,2.0,greenway,0.4,29.5
1361,10000.0,0.5062849443405868,2.0,recreation,0.4,27.0
1362,10000.0,0.3488861322402954,2.0,recreation,0.4,25.0
1363,10000.0,0.4275496983900667,2.0,recreation,0.0,50.0
1364,10000.0,0.3488861322402954,2.0,sports,0.2,27.0
1365,10000.0,0.3488861322402954,2.0,sports,0.2,29.0
1366,10000.0,0.4275496983900667,2.0,recreation,0.2,31.0
1367,10000.0,0.4275496983900667,2.0,sports,0.4,29.0
1368,10000.0,0.23664682619273664,2.0,greenway,0.2,25.0
1369,10000.0,0.2914171073585749,2.0,greenway,0.4,32.0
1370,10000.0,0.23664682619273664,2.0,sports,0.2,30.0
1371,10000.0,0.23664682619273664,2.0,sports,0.2,34.0
1372,10000.0,0.2914171073585749,2.0,greenway,0.0,50.0
1373,10000.0,0.2914171073585749,2.0,sports,0.4,32.5
1374,10000.0,0.758591613546014,2.0,recreation,0.0,50.0
1375,10000.0,0.6610702605918051,2.0,recreation,0.2,32.0
1376,10000.0,0.758591613546014,2.0,recreation,0.2,29.0
1377,10000.0,0.758591613546014,2.0,recreation,0.0,50.0
1378,10000.0,0.6610702605918051,2.0,recreation,0.0,50.0
1379,10000.0,0.6610702605918051,2.0,recreation,0.0,50.0
1380,10000.0,0.6240139739587904,2.0,greenway,0.6,25.0
1381,10000.0,0.3689050283282995,2.0,greenway,0.2,27.0
1382,10000.0,0.6240139739587904,2.0,greenway,0.2,29.0
1383,10000.0,0.6240139739587904,2.0,greenway,0.0,50.0
1384,10000.0,0.3689050283282995,2.0,greenway,0.0,50.0
1385,10000.0,0.3689050283282995,2.0,greenway,0.0,50.0
1386,10000.0,0.3994975605979562,2.0,recreation,0.0,50.0
1387,10000.0,0.6023277619853616,2.0,recreation,0.2,20.0
1388,10000.0,0.3994975605979562,2.0,recreation,0.0,50.0
1389,10000.0,0.3994975605979562,2.0,recreation,0.0,50.0
1390,10000.0,0.6023277619853616,2.0,recreation,0.4,27.0
1391,10000.0,0.6023277619853616,2.0,recreation,0.0,50.0
1392,10000.0,0.3756565155461431,2.0,greenway,0.0,50.0
1393,10000.0,0.3887667821720243,2.0,greenway,0.4,25.0
1394,10000.0,0.3756565155461431,2.0,recreation,0.2,25.0
1395,10000.0,0.3756565155461431,2.0,recreation,0.0,50.0
1396,10000.0,0.3887667821720243,2.0,greenway,0.0,50.0
1397,10000.0,0.3887667821720243,2.0,recreation,0.2,26.0
1398,10000.0,0.6008335435763001,2.0,recreation,0.2,25.0
1399,10000.0,0.6199921865016222,2.0,recreation,0.0,50.0
1400,10000.0,0.6008335435763001,2.0,sports,0.4,28.0
1401,10000.0,0.6008335435763001,2.0,sports,0.2,24.0
1402,10000.0,0.6199921865016222,2.0,recreation,0.0,50.0
1403,10000.0,0.6199921865016222,2.0,sports,0.2,28.0
1404,10000.0,0.7665379639714958,2.0,sports,0.0,50.0
1405,10000.0,0.3490809226408601,2.0,sports,0.4,30.0
1406,10000.0,0.7665379639714958,2.0,sports,0.4,28.0
1407,10000.0,0.7665379639714958,2.0,sports,0.2,25.0
1408,10000.0,0.3490809226408601,2.0,sports,0.2,28.0
1409,10000.0,0.3490809226408601,2.0,sports,0.0,50.0
1410,10000.0,0.23822196908295157,2.0,sports,0.0,50.0
1411,10000.0,0.7159509342163801,2.0,sports,0.4,25.0
1412,10000.0,0.23822196908295157,2.0,greenway,0.0,50.0
1413,10000.0,0.23822196908295157,2.0,greenway,0.0,50.0
1414,10000.0,0.7159509342163801,2.0,sports,0.2,32.0
1415,10000.0,0.7159509342163801,2.0,greenway,0.0,50.0
1416,10000.0,0.27597282603383066,2.0,greenway,0.0,50.0
1417,10000.0,0.5614207597449423,2.0,greenway,0.2,30.0
1418,10000.0,0.27597282603383066,2.0,greenway,0.0,50.0
1419,10000.0,0.27597282603383066,2.0,greenway,0.0,50.0
1420,10000.0,0.5614207597449423,2.0,greenway,0.2,25.0
1421,10000.0,0.5614207597449423,2.0,greenway,0.0,50.0
1422,10000.0,0.653786425292492,2.0,recreation,0.2,22.0
1423,10000.0,0.48488284088671213,2.0,recreation,0.2,29.0
1424,10000.0,0.653786425292492,2.0,sports,0.2,27.0
1425,10000.0,0.653786425292492,2.0,sports,0.0,50.0
1426,10000.0,0.48488284088671213,2.0,recreation,0.2,27.0
1427,10000.0,0.48488284088671213,2.0,sports,0.4,31.0
1428,10000.0,0.5635850800201297,2.0,greenway,0.0,50.0
1429,10000.0,0.7745578387752177,2.0,greenway,0.2,25.0
1430,10000.0,0.5635850800201297,2.0,greenway,0.2,31.0
1431,10000.0,0.5635850800201297,2.0,greenway,0.6,29.0
1432,10000.0,0.7745578387752177,2.0,greenway,0.4,27.0
1433,10000.0,0.7745578387752177,2.0,greenway,0.2,25.0
1434,10000.0,0.4879056563600898,2.0,recreation,0.2,31.0
1435,10000.0,0.2530003394931555,2.0,recreation,0.0,50.0
1436,10000.0,0.4879056563600898,2.0,recreation,0.4,30.5
1437,10000.0,0.4879056563600898,2.0,recreation,0.4,27.0
1438,10000.0,0.2530003394931555,2.0,recreation,0.0,50.0
1439,10000.0,0.2530003394931555,2.0,recreation,0.0,50.0
1440,10000.0,0.4636749114841223,2.0,greenway,0.2,28.0
1441,10000.0,0.6452517379075289,2.0,greenway,0.4,27.0
1442,10000.0,0.4636749114841223,2.0,greenway,0.0,50.0
1443,10000.0,0.4636749114841223,2.0,greenway,0.4,26.0
1444,10000.0,0.6452517379075289,2.0,greenway,0.4,32.0
1445,10000.0,0.6452517379075289,2.0,greenway,0.4,29.0
1446,10000.0,0.5409379113465549,2.0,recreation,0.0,50.0
1447,10000.0,0.42091079521924263,2.0,recreation,0.0,50.0
1448,10000.0,0.5409379113465549,2.0,recreation,0.0,50.0
1449,10000.0,0.5409379113465549,2.0,recreation,0.4,27.0
1450,10000.0,0.42091079521924263,2.0,recreation,0.4,28.5
1451,10000.0,0.42091079521924263,2.0,recreation,0.0,50.0
1452,10000.0,0.6776418240740896,2.0,greenway,0.2,23.0
1453,10000.0,0.6943171571940184,2.0,greenway,0.2,28.0
1454,10000.0,0.6776418240740896,2.0,sports,0.0,50.0
1455,10000.0,0.6776418240740896,2.0,sports,0.4,25.0
1456,10000.0,0.6943171571940184,2.0,greenway,0.0,50.0
1457,10000.0,0.6943171571940184,2.0,sports,0.2,28.0
1458,10000.0,0.2989953810349107,2.0,recreation,0.4,29.5
1459,10000.0,0.31558164302259684,2.0,recreation,0.0,50.0
1460,10000.0,0.2989953810349107,2.0,recreation,0.2,27.0
1461,10000.0,0.2989953810349107,2.0,recreation,0.2,33.0
1462,10000.0,0.31558164302259684,2.0,recreation,0.0,50.0
1463,10000.0,0.31558164302259684,2.0,recreation,0.2,32.0
1464,10000.0,0.26116148065775635,2.0,sports,0.0,50.0
1465,10000.0,0.4795634929090739,2.0,sports,0.0,50.0
1466,10000.0,0.26116148065775635,2.0,recreation,0.0,50.0
1467,10000.0,0.26116148065775635,2.0,recreation,0.2,27.0
1468,10000.0,0.4795634929090739,2.0,sports,0.0,50.0
1469,10000.0,0.4795634929090739,2.0,recreation,0.2,29.0
1470,10000.0,0.790475114248693,2.0,sports,0.2,22.0
1471,10000.0,0.5492169143632055,2.0,sports,0.0,50.0
1472,10000.0,0.790475114248693,2.0,greenway,0.2,23.0
1473,10000.0,0.790475114248693,2.0,greenway,0.0,50.0
1474,10000.0,0.5492169143632055,2.0,sports,0.0,50.0
1475,10000.0,0.5492169143632055,2.0,greenway,0.2,27.0
1476,10000.0,0.5781046189367771,2.0,greenway,0.6,28.0
1477,10000.0,0.25703766308724885,2.0,greenway,0.2,36.0
1478,10000.0,0.5781046189367771,2.0,sports,0.2,25.0
1479,10000.0,0.5781046189367771,2.0,sports,0.0,50.0
1480,10000.0,0.25703766308724885,2.0,greenway,0.2,28.0
1481,10000.0,0.25703766308724885,2.0,sports,0.0,50.0
1482,10000.0,0.3515088096261025,2.0,recreation,0.2,25.0
1483,10000.0,0.7904607007279993,2.0,recreation,0.2,23.0
1484,10000.0,0.3515088096261025,2.0,greenway,0.2,31.0
1485,10000.0,0.3515088096261025,2.0,greenway,0.2,29.0
1486,10000.0,0.7904607007279993,2.0,recreation,0.2,24.0
1487,10000.0,0.7904607007279993,2.0,greenway,0.2,24.0
1488,10000.0,0.4233232013881207,2.0,sports,0.0,50.0
1489,10000.0,0.20187438298016788,2.0,sports,0.0,50.0
1490,10000.0,0.4233232013881207,2.0,greenway,0.0,50.0
1491,10000.0,0.4233232013881207,2.0,greenway,0.0,50.0
1492,10000.0,0.20187438298016788,2.0,sports,0.2,35.0
1493,10000.0,0.20187438298016788,2.0,greenway,0.2,29.0
1494,10000.0,0.6470617026090623,2.0,sports,0.0,50.0
1495,10000.0,0.7331000912934542,2.0,sports,0.0,50.0
1496,10000.0,0.6470617026090623,2.0,recreation,0.4,23.5
1497,10000.0,0.6470617026090623,2.0,recreation,0.2,27.0
1498,10000.0,0.7331000912934542,2.0,sports,0.0,50.0
1499,10000.0,0.7331000912934542,2.0,recreation,0.6,26.0
1500,10000.0,0.7344089327380061,2.0,greenway,0.0,50.0
1501,10000.0,0.4621839636936784,2.0,greenway,0.2,26.0
1502,10000.0,0.7344089327380061,2.0,greenway,0.6,24.0
1503,10000.0,0.7344089327380061,2.0,greenway,0.0,50.0
1504,10000.0,0.4621839636936784,2.0,greenway,0.0,50.0
1505,10000.0,0.4621839636936784,2.0,greenway,0.0,50.0
1506,10000.0,0.2139561688527465,2.0,recreation,0.2,30.0
1507,10000.0,0.5290542434901,2.0,recreation,0.2,28.0
1508,10000.0,0.2139561688527465,2.0,sports,0.2,31.0
1509,10000.0,0.2139561688527465,2.0,sports,0.0,50.0
1510,10000.0,0.5290542434901,2.0,recreation,0.0,50.0
1511,10000.0,0.5290542434901,2.0,sports,0.0,50.0
1512,10000.0,0.3261320339515805,2.0,greenway,0.6,31.0
1513,10000.0,0.6744828702881933,2.0,greenway,0.0,50.0
1514,10000.0,0.3261320339515805,2.0,recreation,0.4,29.0
1515,10000.0,0.3261320339515805,2.0,recreation,0.0,50.0
1516,10000.0,0.6744828702881933,2.0,greenway,0.2,21.0
1517,10000.0,0.6744828702881933,2.0,recreation,0.2,29.0
1518,10000.0,0.6972336778417231,2.0,recreation,0.2,32.0
1519,10000.0,0.29794468320906164,2.0,recreation,0.0,50.0
1520,10000.0,0.6972336778417231,2.0,greenway,0.2,24.0
1521,10000.0,0.6972336778417231,2.0,greenway,0.0,50.0
1522,10000.0,0.29794468320906164,2.0,recreation,0.4,28.0
1523,10000.0,0.29794468320906164,2.0,greenway,0.2,28.0
1524,10000.0,0.5342369597405197,2.0,sports,0.2,30.0
1525,10000.0,0.5876337001100183,2.0,sports,0.4,32.5
1526,10000.0,0.5342369597405197,2.0,recreation,0.2,26.0
1527,10000.0,0.5342369597405197,2.0,recreation,0.0,50.0
1528,10000.0,0.5876337001100183,2.0,sports,0.0,50.0
1529,10000.0,0.5876337001100183,2.0,recreation,0.6,30.0
1530,10000.0,0.4611473385244608,2.0,sports,0.0,50.0
1531,10000.0,0.3660758968442679,2.0,sports,0.0,50.0
1532,10000.0,0.4611473385244608,2.0,sports,0.2,31.0
1533,10000.0,0.4611473385244608,2.0,sports,0.2,33.0
1534,10000.0,0.3660758968442679,2.0,sports,0.6,29.0
1535,10000.0,0.3660758968442679,2.0,sports,0.2,27.0
1536,10000.0,0.4624234346672893,2.0,sports,0.2,27.0
1537,10000.0,0.2346708830446005,2.0,sports,0.2,33.0
1538,10000.0,0.4624234346672893,2.0,recreation,0.2,28.0
1539,10000.0,0.4624234346672893,2.0,recreation,0.0,50.0
1540,10000.0,0.2346708830446005,2.0,sports,0.0,50.0
1541,10000.0,0.2346708830446005,2.0,recreation,0.4,30.0
1542,10000.0,0.5328166848048568,2.0,sports,0.2,31.0
1543,10000.0,0.7565213689580561,2.0,sports,0.0,50.0
1544,10000.0,0.5328166848048568,2.0,greenway,0.0,50.0
1545,10000.0,0.5328166848048568,2.0,greenway,0.2,31.0
1546,10000.0,0.7565213689580561,2.0,sports,0.0,50.0
1547,10000.0,0.7565213689580561,2.0,greenway,0.2,29.0
1548,10000.0,0.6986035786569119,2.0,greenway,0.2,26.0
1549,10000.0,0.42935094870626933,2.0,greenway,0.2,32.0
1550,10000.0,0.6986035786569119,2.0,recreation,0.2,27.0
1551,10000.0,0.6986035786569119,2.0,recreation,0.4,27.0
1552,10000.0,0.42935094870626933,2.0,greenway,0.0,50.0
1553,10000.0,0.42935094870626933,2.0,recreation,0.2,33.0
1554,10000.0,0.3249062716960907,2.0,recreation,0.4,23.5
1555,10000.0,0.505595880933106,2.0,recreation,0.2,30.0
1556,10000.0,0.3249062716960907,2.0,sports,0.0,50.0
1557,10000.0,0.3249062716960907,2.0,sports,0.2,29.0
1558,10000.0,0.505595880933106,2.0,recreation,0.4,23.5
1559,10000.0,0.505595880933106,2.0,sports,0.0,50.0
1560,10000.0,0.2127395998686552,2.0,greenway,0.2,31.0
1561,10000.0,0.660440767928958,2.0,greenway,0.0,50.0
1562,10000.0,0.2127395998686552,2.0,sports,0.4,29.0
1563,10000.0,0.2127395998686552,2.0,sports,0.4,29.0
1564,10000.0,0.660440767928958,2.0,greenway,0.0,50.0
1565,10000.0,0.660440767928958,2.0,sports,0.0,50.0
1566,10000.0,0.7357697162777186,2.0,recreation,0.0,50.0
1567,10000.0,0.29327780548483134,2.0,recreation,0.0,50.0
1568,10000.0,0.7357697162777186,2.0,recreation,0.2,26.0
1569,10000.0,0.7357697162777186,2.0,recreation,0.0,50.0
1570,10000.0,0.29327780548483134,2.0,recreation,0.0,50.0
1571,10000.0,0.29327780548483134,2.0,recreation,0.0,50.0
1572,10000.0,0.6456505494192244,2.0,sports,0.2,32.0
1573,10000.0,0.6017119575291873,2.0,sports,0.2,27.0
1574,10000.0,0.6456505494192244,2.0,greenway,0.4,25.0
1575,10000.0,0.6456505494192244,2.0,greenway,0.2,32.0
1576,10000.0,0.6017119575291873,2.0,sports,0.4,32.5
1577,10000.0,0.6017119575291873,2.0,greenway,0.2,27.0
1578,10000.0,0.424590108729899,2.0,sports,0.4,27.0
1579,10000.0,0.3707795040681958,2.0,sports,0.2,32.0
1580,10000.0,0.424590108729899,2.0,sports,0.2,34.0
1581,10000.0,0.424590108729899,2.0,sports,0.0,50.0
1582,10000.0,0.3707795040681958,2.0,sports,0.0,50.0
1583,10000.0,0.3707795040681958,2.0,sports,0.2,31.0
1584,10000.0,0.3505784513428808,2.0,greenway,0.2,31.0
1585,10000.0,0.6218668231740594,2.0,greenway,0.4,30.5
1586,10000.0,0.3505784513428808,2.0,recreation,0.0,50.0
1587,10000.0,0.3505784513428808,2.0,recreation,0.0,50.0
1588,10000.0,0.6218668231740594,2.0,greenway,0.2,23.0
1589,10000.0,0.6218668231740594,2.0,recreation,0.2,30.0
1590,10000.0,0.5791837001219393,2.0,recreation,0.0,50.0
1591,10000.0,0.38815110288560395,2.0,recreation,0.4,25.5
1592,10000.0,0.5791837001219393,2.0,greenway,0.2,30.0
1593,10000.0,0.5791837001219393,2.0,greenway,0.2,25.0
1594,10000.0,0.38815110288560395,2.0,recreation,0.0,50.0
1595,10000.0,0.38815110288560395,2.0,greenway,0.0,50.0
1596,10000.0,0.7893456634134055,2.0,sports,0.4,26.5
1597,10000.0,0.7178117575123908,2.0,sports,0.0,50.0
1598,10000.0,0.7893456634134055,2.0,sports,0.0,50.0
1599,10000.0,0.7893456634134055,2.0,sports,0.0,50.0
1600,10000.0,0.7178117575123908,2.0,sports,0.2,31.0
1601,10000.0,0.7178117575123908,2.0,sports,0.0,50.0
1602,10000.0,0.26214217729866507,2.0,sports,0.4,29.0
1603,10000.0,0.348451590910554,2.0,sports,0.2,25.0
1604,10000.0,0.26214217729866507,2.0,greenway,0.2,30.0
1605,10000.0,0.26214217729866507,2.0,greenway,0.2,27.0
1606,10000.0,0.348451590910554,2.0,sports,0.0,50.0
1607,10000.0,0.348451590910554,2.0,greenway,0.0,50.0
1608,10000.0,0.2999668844044209,2.0,greenway,0.2,30.0
1609,10000.0,0.48419393841177233,2.0,greenway,0.2,28.0
1610,10000.0,0.2999668844044209,2.0,greenway,0.4,27.0
1611,10000.0,0.2999668844044209,2.0,greenway,0.2,25.0
1612,10000.0,0.48419393841177233,2.0,greenway,0.2,26.0
1613,10000.0,0.48419393841177233,2.0,greenway,0.2,26.0
1614,10000.0,0.6765214905142785,2.0,recreation,0.4,26.5
1615,10000.0,0.5632221352308989,2.0,recreation,0.4,26.5
1616,10000.0,0.6765214905142785,2.0,sports,0.4,28.5
1617,10000.0,0.6765214905142785,2.0,sports,0.4,27.0
1618,10000.0,0.5632221352308989,2.0,recreation,0.4,33.0
1619,10000.0,0.5632221352308989,2.0,sports,0.0,50.0
1620,10000.0,0.5420078707858921,2.0,greenway,0.4,26.5
1621,10000.0,0.252297748811543,2.0,greenway,0.4,26.5
1622,10000.0,0.5420078707858921,2.0,sports,0.4,24.0
1623,10000.0,0.5420078707858921,2.0,sports,0.2,35.0
1624,10000.0,0.252297748811543,2.0,greenway,0.0,50.0
1625,10000.0,0.252297748811543,2.0,sports,0.0,50.0
1626,10000.0,0.4627537420019508,2.0,recreation,0.2,31.0
1627,10000.0,0.7763454366475344,2.0,recreation,0.2,26.0
1628,10000.0,0.4627537420019508,2.0,recreation,0.0,50.0
1629,10000.0,0.4627537420019508,2.0,recreation,0.2,32.0
1630,10000.0,0.7763454366475344,2.0,recreation,0.0,50.0
1631,10000.0,0.7763454366475344,2.0,recreation,0.0,50.0
1632,10000.0,0.4866434004157782,2.0,greenway,0.0,50.0
1633,10000.0,0.4215951826423407,2.0,greenway,0.0,50.0
1634,10000.0,0.4866434004157782,2.0,greenway,0.2,33.0
1635,10000.0,0.4866434004157782,2.0,greenway,0.2,27.0
1636,10000.0,0.4215951826423407,2.0,greenway,0.0,50.0
1637,10000.0,0.4215951826423407,2.0,greenway,0.2,24.0
1638,10000.0,0.5649914432317019,2.0,recreation,0.0,50.0
1639,10000.0,0.6434459367766977,2.0,recreation,0.0,50.0
1640,10000.0,0.5649914432317019,2.0,sports,0.2,34.0
1641,10000.0,0.5649914432317019,2.0,sports,0.0,50.0
1642,10000.0,0.6434459367766977,2.0,recreation,0.2,28.0
1643,10000.0,0.6434459367766977,2.0,sports,0.0,50.0
1644,10000.0,0.6524029703810812,2.0,greenway,0.4,26.0
1645,10000.0,0.3162889633327723,2.0,greenway,0.0,50.0
1646,10000.0,0.6524029703810812,2.0,greenway,0.2,27.0
1647,10000.0,0.6524029703810812,2.0,greenway,0.2,28.0
1648,10000.0,0.3162889633327723,2.0,greenway,0.6,31.0
1649,10000.0,0.3162889633327723,2.0,greenway,0.2,29.0
1650,10000.0,0.27721221391111617,2.0,recreation,0.0,50.0
1651,10000.0,0.6925341995432974,2.0,recreation,0.2,32.0
1652,10000.0,0.27721221391111617,2.0,recreation,0.2,26.0
1653,10000.0,0.27721221391111617,2.0,recreation,0.0,50.0
1654,10000.0,0.6925341995432974,2.0,recreation,0.4,24.0
1655,10000.0,0.6925341995432974,2.0,recreation,0.2,24.0
1656,10000.0,0.23945209216326477,2.0,sports,0.4,34.0
1657,10000.0,0.5473378878086805,2.0,sports,0.2,31.0
1658,10000.0,0.23945209216326477,2.0,recreation,0.0,50.0
1659,10000.0,0.23945209216326477,2.0,recreation,0.2,32.0
1660,10000.0,0.5473378878086805,2.0,sports,0.2,34.0
1661,10000.0,0.5473378878086805,2.0,recreation,0.2,30.0
1662,10000.0,0.7651635548099875,2.0,sports,0.4,28.0
1663,10000.0,0.48017462138086564,2.0,sports,0.6,30.0
1664,10000.0,0.7651635548099875,2.0,sports,0.0,50.0
1665,10000.0,0.7651635548099875,2.0,sports,0.0,50.0
1666,10000.0,0.48017462138086564,2.0,sports,0.0,50.0
1667,10000.0,0.48017462138086564,2.0,sports,0.0,50.0
1668,10000.0,0.6022308565676213,2.0,greenway,0.2,28.0
1669,10000.0,0.7886044818907978,2.0,greenway,0.4,27.5
1670,10000.0,0.6022308565676213,2.0,recreation,0.0,50.0
1671,10000.0,0.6022308565676213,2.0,recreation,0.0,50.0
1672,10000.0,0.7886044818907978,2.0,greenway,0.0,50.0
1673,10000.0,0.7886044818907978,2.0,recreation,0.0,50.0
1674,10000.0,0.3744035199284554,2.0,recreation,0.0,50.0
1675,10000.0,0.25767176020890475,2.0,recreation,0.4,32.0
1676,10000.0,0.3744035199284554,2.0,greenway,0.2,36.0
1677,10000.0,0.3744035199284554,2.0,greenway,0.0,50.0
1678,10000.0,0.25767176020890475,2.0,recreation,0.0,50.0
1679,10000.0,0.25767176020890475,2.0,greenway,0.4,28.5
1680,10000.0,0.4004418306052685,2.0,greenway,0.2,27.0
1681,10000.0,0.7337340274825692,2.0,greenway,0.2,22.0
1682,10000.0,0.4004418306052685,2.0,sports,0.4,28.0
1683,10000.0,0.4004418306052685,2.0,sports,0.0,50.0
1684,10000.0,0.7337340274825692,2.0,greenway,0.2,26.0
1685,10000.0,0.7337340274825692,2.0,sports,0.4,26.5
1686,10000.0,0.6229210525751114,2.0,recreation,0.2,26.0
1687,10000.0,0.20001803897321224,2.0,recreation,0.2,29.0
1688,10000.0,0.6229210525751114,2.0,recreation,0.2,30.0
1689,10000.0,0.6229210525751114,2.0,recreation,0.0,50.0
1690,10000.0,0.20001803897321224,2.0,recreation,0.0,50.0
1691,10000.0,0.20001803897321224,2.0,recreation,0.4,30.0
1692,10000.0,0.7597074387595057,2.0,greenway,0.0,50.0
1693,10000.0,0.5296652467921377,2.0,greenway,0.4,25.5
1694,10000.0,0.7597074387595057,2.0,greenway,0.2,23.0
1695,10000.0,0.7597074387595057,2.0,greenway,0.0,50.0
1696,10000.0,0.5296652467921377,2.0,greenway,0.0,50.0
1697,10000.0,0.5296652467921377,2.0,greenway,0.0,50.0
1698,10000.0,0.23567968364804986,2.0,recreation,0.6,33.0
1699,10000.0,0.46030477620661264,2.0,recreation,0.2,27.0
1700,10000.0,0.23567968364804986,2.0,recreation,0.2,33.0
1701,10000.0,0.23567968364804986,2.0,recreation,0.0,50.0
1702,10000.0,0.46030477620661264,2.0,recreation,0.0,50.0
1703,10000.0,0.46030477620661264,2.0,recreation,0.2,32.0
1704,10000.0,0.3479282544925809,2.0,greenway,0.2,28.0
1705,10000.0,0.2961615646257997,2.0,greenway,0.4,31.0
1706,10000.0,0.3479282544925809,2.0,sports,0.2,32.0
1707,10000.0,0.3479282544925809,2.0,sports,0.4,29.0
1708,10000.0,0.2961615646257997,2.0,greenway,0.0,50.0
1709,10000.0,0.2961615646257997,2.0,sports,0.0,50.0
1710,10000.0,0.7224584052339198,2.0,recreation,0.0,50.0
1711,10000.0,0.6751900654286147,2.0,recreation,0.0,50.0
1712,10000.0,0.7224584052339198,2.0,greenway,0.2,25.0
1713,10000.0,0.7224584052339198,2.0,greenway,0.4,28.5
1714,10000.0,0.6751900654286147,2.0,recreation,0.2,33.0
1715,10000.0,0.6751900654286147,2.0,greenway,0.0,50.0
1716,10000.0,0.5101700883358717,2.0,sports,0.2,31.0
1717,10000.0,0.3642699705436826,2.0,sports,0.0,50.0
1718,10000.0,0.5101700883358717,2.0,recreation,0.0,50.0
1719,10000.0,0.5101700883358717,2.0,recreation,0.0,50.0
1720,10000.0,0.3642699705436826,2.0,sports,0.4,30.0
1721,10000.0,0.3642699705436826,2.0,recreation,0.2,32.0
1722,10000.0,0.43819326199591163,2.0,sports,0.0,50.0
1723,10000.0,0.5883179266005756,2.0,sports,0.2,28.0
1724,10000.0,0.43819326199591163,2.0,greenway,0.0,50.0
1725,10000.0,0.43819326199591163,2.0,greenway,0.2,34.0
1726,10000.0,0.5883179266005756,2.0,sports,0.0,50.0
1727,10000.0,0.5883179266005756,2.0,greenway,0.2,29.0
1728,10000.0,0.4260430267080665,2.0,greenway,0.2,26.0
1729,10000.0,0.7088052287697792,2.0,greenway,0.2,25.0
1730,10000.0,0.4260430267080665,2.0,greenway,0.2,29.0
1731,10000.0,0.4260430267080665,2.0,greenway,0.0,50.0
1732,10000.0,0.7088052287697792,2.0,greenway,0.2,30.0
1733,10000.0,0.7088052287697792,2.0,greenway,0.4,26.5
1734,10000.0,0.5035726739093662,2.0,recreation,0.2,27.0
1735,10000.0,0.3375406770035625,2.0,recreation,0.0,50.0
1736,10000.0,0.5035726739093662,2.0,recreation,0.2,27.0
1737,10000.0,0.5035726739093662,2.0,recreation,0.0,50.0
1738,10000.0,0.3375406770035625,2.0,recreation,0.2,26.0
1739,10000.0,0.3375406770035625,2.0,recreation,0.0,50.0
1740,10000.0,0.7138168558478357,2.0,sports,0.4,28.5
1741,10000.0,0.6266251586377621,2.0,sports,0.0,50.0
1742,10000.0,0.7138168558478357,2.0,sports,0.4,30.0
1743,10000.0,0.7138168558478357,2.0,sports,0.6,25.0
1744,10000.0,0.6266251586377621,2.0,sports,0.0,50.0
1745,10000.0,0.6266251586377621,2.0,sports,0.2,21.0
1746,10000.0,0.33781743124127395,2.0,sports,0.6,34.0
1747,10000.0,0.4009661694988609,2.0,sports,0.4,28.0
1748,10000.0,0.33781743124127395,2.0,recreation,0.2,29.0
1749,10000.0,0.33781743124127395,2.0,recreation,0.4,27.5
1750,10000.0,0.4009661694988609,2.0,sports,0.0,50.0
1751,10000.0,0.4009661694988609,2.0,recreation,0.2,33.0
1752,10000.0,0.22557808943092825,2.0,sports,0.2,32.0
1753,10000.0,0.24608350694179537,2.0,sports,0.2,28.0
1754,10000.0,0.22557808943092825,2.0,recreation,0.2,28.0
1755,10000.0,0.22557808943092825,2.0,recreation,0.0,50.0
1756,10000.0,0.24608350694179537,2.0,sports,0.0,50.0
1757,10000.0,0.24608350694179537,2.0,recreation,0.4,26.5
1758,10000.0,0.7510568078607323,2.0,sports,0.4,26.0
1759,10000.0,0.7626605464145542,2.0,sports,0.4,28.5
1760,10000.0,0.7510568078607323,2.0,sports,0.0,50.0
1761,10000.0,0.7510568078607323,2.0,sports,0.2,28.0
1762,10000.0,0.7626605464145542,2.0,sports,0.4,27.5
1763,10000.0,0.7626605464145542,2.0,sports,0.2,25.0
1764,10000.0,0.6163327241316439,2.0,greenway,0.0,50.0
1765,10000.0,0.4923123307526112,2.0,greenway,0.2,29.0
1766,10000.0,0.6163327241316439,2.0,sports,0.2,33.0
1767,10000.0,0.6163327241316439,2.0,sports,0.0,50.0
1768,10000.0,0.4923123307526112,2.0,greenway,0.2,23.0
1769,10000.0,0.4923123307526112,2.0,sports,0.2,29.0
1770,10000.0,0.3882823707535863,2.0,recreation,0.2,32.0
1771,10000.0,0.5726588344201446,2.0,recreation,0.8,26.5
1772,10000.0,0.3882823707535863,2.0,greenway,0.2,30.0
1773,10000.0,0.3882823707535863,2.0,greenway,0.2,30.0
1774,10000.0,0.5726588344201446,2.0,recreation,0.0,50.0
1775,10000.0,0.5726588344201446,2.0,greenway,0.2,26.0
1776,10000.0,0.38685343060642485,2.0,sports,0.2,29.0
1777,10000.0,0.43469536583870655,2.0,sports,0.2,29.0
1778,10000.0,0.38685343060642485,2.0,greenway,0.4,27.5
1779,10000.0,0.38685343060642485,2.0,greenway,0.4,30.0
1780,10000.0,0.43469536583870655,2.0,sports,0.0,50.0
1781,10000.0,0.43469536583870655,2.0,greenway,0.2,25.0
1782,10000.0,0.6085331397131086,2.0,sports,0.2,32.0
1783,10000.0,0.5178251519799233,2.0,sports,0.4,29.5
1784,10000.0,0.6085331397131086,2.0,recreation,0.4,27.5
1785,10000.0,0.6085331397131086,2.0,recreation,0.2,28.0
1786,10000.0,0.5178251519799233,2.0,sports,0.2,32.0
1787,10000.0,0.5178251519799233,2.0,recreation,0.0,50.0
1788,10000.0,0.7740910444408655,2.0,greenway,0.2,25.0
1789,10000.0,0.22625043597072364,2.0,greenway,0.8,28.5
1790,10000.0,0.7740910444408655,2.0,greenway,0.0,50.0
1791,10000.0,0.7740910444408655,2.0,greenway,0.4,25.5
1792,10000.0,0.22625043597072364,2.0,greenway,0.2,29.0
1793,10000.0,0.22625043597072364,2.0,greenway,0.4,29.0
1794,10000.0,0.2492723595350981,2.0,recreation,0.2,26.0
1795,10000.0,0.745024659484625,2.0,recreation,0.4,25.5
1796,10000.0,0.2492723595350981,2.0,sports,0.0,50.0
1797,10000.0,0.2492723595350981,2.0,sports,0.2,29.0
1798,10000.0,0.745024659484625,2.0,recreation,0.2,22.0
1799,10000.0,0.745024659484625,2.0,sports,0.2,32.0
1800,10000.0,0.28702325224876407,2.0,greenway,0.4,29.0
1801,10000.0,0.6092445565387608,2.0,greenway,0.0,50.0
1802,10000.0,0.28702325224876407,2.0,sports,0.0,50.0
1803,10000.0,0.28702325224876407,2.0,sports,0.0,50.0
1804,10000.0,0.6092445565387608,2.0,greenway,0.2,34.0
1805,10000.0,0.6092445565387608,2.0,sports,0.2,28.0
1806,10000.0,0.6613395415246488,2.0,recreation,0.2,31.0
1807,10000.0,0.3808022826910019,2.0,recreation,0.2,24.0
1808,10000.0,0.6613395415246488,2.0,greenway,0.2,24.0
1809,10000.0,0.6613395415246488,2.0,greenway,0.0,50.0
1810,10000.0,0.3808022826910019,2.0,recreation,0.2,26.0
1811,10000.0,0.3808022826910019,2.0,greenway,0.0,50.0
1812,10000.0,0.5712846403941513,2.0,greenway,0.2,25.0
1813,10000.0,0.653640732727945,2.0,greenway,0.0,50.0
1814,10000.0,0.5712846403941513,2.0,recreation,0.4,31.0
1815,10000.0,0.5712846403941513,2.0,recreation,0.0,50.0
1816,10000.0,0.653640732727945,2.0,greenway,0.0,50.0
1817,10000.0,0.653640732727945,2.0,recreation,0.4,23.0
1818,10000.0,0.4991025356575847,2.0,recreation,0.0,50.0
1819,10000.0,0.28017899468541146,2.0,recreation,0.0,50.0
1820,10000.0,0.4991025356575847,2.0,sports,0.0,50.0
1821,10000.0,0.4991025356575847,2.0,sports,0.0,50.0
1822,10000.0,0.28017899468541146,2.0,recreation,0.0,50.0
1823,10000.0,0.28017899468541146,2.0,sports,0.2,31.0
1824,10000.0,0.47608028687536724,2.0,greenway,0.0,50.0
1825,10000.0,0.5218444511294366,2.0,greenway,0.0,50.0
1826,10000.0,0.47608028687536724,2.0,sports,0.2,31.0
1827,10000.0,0.47608028687536724,2.0,sports,0.2,34.0
1828,10000.0,0.5218444511294366,2.0,greenway,0.2,27.0
1829,10000.0,0.5218444511294366,2.0,sports,0.2,34.0
1830,10000.0,0.5474289756268264,2.0,recreation,0.0,50.0
1831,10000.0,0.4505796311423183,2.0,recreation,0.2,33.0
1832,10000.0,0.5474289756268264,2.0,greenway,0.0,50.0
1833,10000.0,0.5474289756268264,2.0,greenway,0.2,24.0
1834,10000.0,0.4505796311423183,2.0,recreation,0.2,34.0
1835,10000.0,0.4505796311423183,2.0,greenway,0.2,26.0
1836,10000.0,0.6839864442124963,2.0,greenway,0.0,50.0
1837,10000.0,0.7396506659686566,2.0,greenway,0.2,23.0
1838,10000.0,0.6839864442124963,2.0,recreation,0.2,31.0
1839,10000.0,0.6839864442124963,2.0,recreation,0.0,50.0
1840,10000.0,0.7396506659686566,2.0,greenway,0.2,25.0
1841,10000.0,0.7396506659686566,2.0,recreation,0.2,29.0
1842,10000.0,0.3112543033435941,2.0,recreation,0.2,33.0
1843,10000.0,0.21399137284606695,2.0,recreation,0.0,50.0
1844,10000.0,0.3112543033435941,2.0,sports,0.0,50.0
1845,10000.0,0.3112543033435941,2.0,sports,0.0,50.0
1846,10000.0,0.21399137284606695,2.0,recreation,0.0,50.0
1847,10000.0,0.21399137284606695,2.0,sports,0.2,32.0
1848,10000.0,0.27342036720365287,2.0,greenway,0.0,50.0
1849,10000.0,0.35922315120697024,2.0,greenway,0.4,27.0
1850,10000.0,0.27342036720365287,2.0,sports,0.2,31.0
1851,10000.0,0.27342036720365287,2.0,sports,0.2,35.0
1852,10000.0,0.35922315120697024,2.0,greenway,0.0,50.0
1853,10000.0,0.35922315120697024,2.0,sports,0.2,32.0
1854,10000.0,0.796819698624313,2.0,recreation,0.0,50.0
1855,10000.0,0.5758004946634174,2.0,recreation,0.2,25.0
1856,10000.0,0.796819698624313,2.0,recreation,0.0,50.0
1857,10000.0,0.796819698624313,2.0,recreation,0.2,23.0
1858,10000.0,0.5758004946634174,2.0,recreation,0.2,29.0
1859,10000.0,0.5758004946634174,2.0,recreation,0.2,22.0
1860,10000.0,0.5845957189798356,2.0,sports,0.4,32.0
1861,10000.0,0.30545657053589825,2.0,sports,0.0,50.0
1862,10000.0,0.5845957189798356,2.0,greenway,0.0,50.0
1863,10000.0,0.5845957189798356,2.0,greenway,0.2,27.0
1864,10000.0,0.30545657053589825,2.0,sports,0.0,50.0
1865,10000.0,0.30545657053589825,2.0,greenway,0.0,50.0
1866,10000.0,0.36391422078013425,2.0,sports,0.2,29.0
1867,10000.0,0.6858033424243332,2.0,sports,0.2,25.0
1868,10000.0,0.36391422078013425,2.0,recreation,0.6,29.0
1869,10000.0,0.36391422078013425,2.0,recreation,0.0,50.0
1870,10000.0,0.6858033424243332,2.0,sports,0.0,50.0
1871,10000.0,0.6858033424243332,2.0,recreation,0.2,29.0
1872,10000.0,0.4109727576375008,2.0,greenway,0.2,27.0
1873,10000.0,0.3227913973852992,2.0,greenway,0.2,30.0
1874,10000.0,0.4109727576375008,2.0,recreation,0.2,28.0
1875,10000.0,0.4109727576375008,2.0,recreation,0.6,32.0
1876,10000.0,0.3227913973852992,2.0,greenway,0.2,31.0
1877,10000.0,0.3227913973852992,2.0,recreation,0.2,29.0
1878,10000.0,0.6405157066881657,2.0,recreation,0.0,50.0
1879,10000.0,0.7059214517474175,2.0,recreation,0.0,50.0
1880,10000.0,0.6405157066881657,2.0,sports,0.2,29.0
1881,10000.0,0.6405157066881657,2.0,sports,0.2,29.0
1882,10000.0,0.7059214517474175,2.0,recreation,0.2,22.0
1883,10000.0,0.7059214517474175,2.0,sports,0.0,50.0
1884,10000.0,0.7280093809589745,2.0,greenway,0.2,27.0
1885,10000.0,0.4143601825460792,2.0,greenway,0.0,50.0
1886,10000.0,0.7280093809589745,2.0,sports,0.2,32.0
1887,10000.0,0.7280093809589745,2.0,sports,0.4,31.5
1888,10000.0,0.4143601825460792,2.0,greenway,0.0,50.0
1889,10000.0,0.4143601825460792,2.0,sports,0.0,50.0
1890,10000.0,0.2017521781846881,2.0,recreation,0.6,28.0
1891,10000.0,0.6331347100436688,2.0,recreation,0.2,23.0
1892,10000.0,0.2017521781846881,2.0,greenway,0.0,50.0
1893,10000.0,0.2017521781846881,2.0,greenway,0.2,33.0
1894,10000.0,0.6331347100436688,2.0,recreation,0.4,30.0
1895,10000.0,0.6331347100436688,2.0,greenway,0.0,50.0
1896,10000.0,0.31392807904630904,2.0,sports,0.0,50.0
1897,10000.0,0.7973134083673359,2.0,sports,0.4,30.0
1898,10000.0,0.31392807904630904,2.0,greenway,0.2,23.0
1899,10000.0,0.31392807904630904,2.0,greenway,0.0,50.0
1900,10000.0,0.7973134083673359,2.0,sports,0.0,50.0
1901,10000.0,0.7973134083673359,2.0,greenway,0.0,50.0
1902,10000.0,0.6908341618254782,2.0,sports,0.2,31.0
1903,10000.0,0.26887083053588867,2.0,sports,0.4,30.5
1904,10000.0,0.6908341618254782,2.0,sports,0.2,30.0
1905,10000.0,0.6908341618254782,2.0,sports,0.2,34.0
1906,10000.0,0.26887083053588867,2.0,sports,0.2,32.0
1907,10000.0,0.26887083053588867,2.0,sports,0.2,32.0
1908,10000.0,0.5276909280568363,2.0,greenway,0.0,50.0
1909,10000.0,0.5417049890384078,2.0,greenway,0.0,50.0
1910,10000.0,0.5276909280568363,2.0,greenway,0.4,23.5
1911,10000.0,0.5276909280568363,2.0,greenway,0.2,27.0
1912,10000.0,0.5417049890384078,2.0,greenway,0.0,50.0
1913,10000.0,0.5417049890384078,2.0,greenway,0.0,50.0
1914,10000.0,0.4487968590110541,2.0,recreation,0.2,28.0
1915,10000.0,0.46824298277497295,2.0,recreation,0.0,50.0
1916,10000.0,0.4487968590110541,2.0,recreation,0.2,29.0
1917,10000.0,0.4487968590110541,2.0,recreation,0.2,30.0
1918,10000.0,0.46824298277497295,2.0,recreation,0.0,50.0
1919,10000.0,0.46824298277497295,2.0,recreation,0.4,30.5
1920,10000.0,0.4461165001615882,2.0,greenway,0.2,28.0
1921,10000.0,0.5603595370426775,2.0,greenway,0.2,30.0
1922,10000.0,0.4461165001615882,2.0,sports,0.2,32.0
1923,10000.0,0.4461165001615882,2.0,sports,0.0,50.0
1924,10000.0,0.5603595370426775,2.0,greenway,0.2,29.0
1925,10000.0,0.5603595370426775,2.0,sports,0.4,26.5
1926,10000.0,0.5209991289302707,2.0,recreation,0.0,50.0
1927,10000.0,0.4870439838618041,2.0,recreation,0.2,31.0
1928,10000.0,0.5209991289302707,2.0,recreation,0.2,29.0
1929,10000.0,0.5209991289302707,2.0,recreation,0.2,29.0
1930,10000.0,0.4870439838618041,2.0,recreation,0.0,50.0
1931,10000.0,0.4870439838618041,2.0,recreation,0.2,27.0
1932,10000.0,0.6928564652800561,2.0,sports,0.2,27.0
1933,10000.0,0.7784770803526044,2.0,sports,0.2,31.0
1934,10000.0,0.6928564652800561,2.0,greenway,0.2,23.0
1935,10000.0,0.6928564652800561,2.0,greenway,0.0,50.0
1936,10000.0,0.7784770803526044,2.0,sports,0.0,50.0
1937,10000.0,0.7784770803526044,2.0,greenway,0.2,23.0
1938,10000.0,0.3212778933346272,2.0,sports,0.4,32.0
1939,10000.0,0.2501810181885958,2.0,sports,0.0,50.0
1940,10000.0,0.3212778933346272,2.0,sports,0.2,32.0
1941,10000.0,0.3212778933346272,2.0,sports,0.2,31.0
1942,10000.0,0.2501810181885958,2.0,sports,0.6,29.0
1943,10000.0,0.2501810181885958,2.0,sports,0.2,31.0
1944,10000.0,0.20844453163444998,2.0,sports,0.0,50.0
1945,10000.0,0.3956875273957849,2.0,sports,0.4,27.5
1946,10000.0,0.20844453163444998,2.0,sports,0.2,33.0
1947,10000.0,0.20844453163444998,2.0,sports,0.0,50.0
1948,10000.0,0.3956875273957849,2.0,sports,0.0,50.0
1949,10000.0,0.3956875273957849,2.0,sports,0.2,29.0
1950,10000.0,0.7306902941316367,2.0,sports,0.2,31.0
1951,10000.0,0.6143155571073294,2.0,sports,0.0,50.0
1952,10000.0,0.7306902941316367,2.0,greenway,0.2,25.0
1953,10000.0,0.7306902941316367,2.0,greenway,0.2,20.0
1954,10000.0,0.6143155571073294,2.0,sports,0.0,50.0
1955,10000.0,0.6143155571073294,2.0,greenway,0.4,21.5
1956,10000.0,0.6331653023138644,2.0,greenway,0.0,50.0
1957,10000.0,0.34164619464427237,2.0,greenway,0.2,29.0
1958,10000.0,0.6331653023138644,2.0,recreation,0.2,28.0
1959,10000.0,0.6331653023138644,2.0,recreation,0.0,50.0
1960,10000.0,0.34164619464427237,2.0,greenway,0.0,50.0
1961,10000.0,0.34164619464427237,2.0,recreation,0.0,50.0
1962,10000.0,0.4089498640969396,2.0,recreation,0.2,25.0
1963,10000.0,0.7246297780424358,2.0,recreation,0.2,31.0
1964,10000.0,0.4089498640969396,2.0,greenway,0.2,27.0
1965,10000.0,0.4089498640969396,2.0,greenway,0.0,50.0
1966,10000.0,0.7246297780424358,2.0,recreation,0.4,27.0
1967,10000.0,0.7246297780424358,2.0,greenway,0.0,50.0
1968,10000.0,0.3659205058589578,2.0,greenway,0.0,50.0
1969,10000.0,0.2866200994700194,2.0,greenway,0.0,50.0
1970,10000.0,0.3659205058589578,2.0,greenway,0.2,31.0
1971,10000.0,0.3659205058589578,2.0,greenway,0.2,28.0
1972,10000.0,0.2866200994700194,2.0,greenway,0.0,50.0
1973,10000.0,0.2866200994700194,2.0,greenway,0.0,50.0
1974,10000.0,0.5919661359861494,2.0,recreation,0.0,50.0
1975,10000.0,0.6671133870258927,2.0,recreation,0.0,50.0
1976,10000.0,0.5919661359861494,2.0,sports,0.2,33.0
1977,10000.0,0.5919661359861494,2.0,sports,0.0,50.0
1978,10000.0,0.6671133870258927,2.0,recreation,0.0,50.0
1979,10000.0,0.6671133870258927,2.0,sports,0.0,50.0
1980,10000.0,0.7941553626209499,2.0,greenway,0.2,26.0
1981,10000.0,0.3778775561600924,2.0,greenway,0.2,27.0
1982,10000.0,0.7941553626209499,2.0,sports,0.0,50.0
1983,10000.0,0.7941553626209499,2.0,sports,0.8,27.5
1984,10000.0,0.3778775561600924,2.0,greenway,0.2,28.0
1985,10000.0,0.3778775561600924,2.0,sports,0.0,50.0
1986,10000.0,0.2667079698294401,2.0,recreation,0.0,50.0
1987,10000.0,0.594601352699101,2.0,recreation,0.6,26.0
1988,10000.0,0.2667079698294401,2.0,recreation,0.2,29.0
1989,10000.0,0.2667079698294401,2.0,recreation,0.2,34.0
1990,10000.0,0.594601352699101,2.0,recreation,0.2,24.0
1991,10000.0,0.594601352699101,2.0,recreation,0.2,37.0
1992,10000.0,0.303883296251297,2.0,greenway,0.0,50.0
1993,10000.0,0.7585053201764822,2.0,greenway,0.4,26.5
1994,10000.0,0.303883296251297,2.0,recreation,0.0,50.0
1995,10000.0,0.303883296251297,2.0,recreation,0.0,50.0
1996,10000.0,0.7585053201764822,2.0,greenway,0.2,28.0
1997,10000.0,0.7585053201764822,2.0,recreation,0.2,24.0
1998,10000.0,0.6819795690476895,2.0,recreation,0.0,50.0
1999,10000.0,0.2326995560899377,2.0,recreation,0.0,50.0
2000,10000.0,0.6819795690476895,2.0,sports,0.2,31.0
2001,10000.0,0.6819795690476895,2.0,sports,0.2,32.0
2002,10000.0,0.2326995560899377,2.0,recreation,0.0,50.0
2003,10000.0,0.2326995560899377,2.0,sports,0.2,31.0
2004,10000.0,0.5541419273242355,2.0,sports,0.2,33.0
2005,10000.0,0.5031716529279948,2.0,sports,0.0,50.0
2006,10000.0,0.5541419273242355,2.0,recreation,0.4,23.0
2007,10000.0,0.5541419273242355,2.0,recreation,0.0,50.0
2008,10000.0,0.5031716529279948,2.0,sports,0.0,50.0
2009,10000.0,0.5031716529279948,2.0,recreation,0.0,50.0
2010,10000.0,0.4787451772019268,2.0,sports,0.0,50.0
2011,10000.0,0.4317603351548315,2.0,sports,0.2,33.0
2012,10000.0,0.4787451772019268,2.0,greenway,0.6,32.0
2013,10000.0,0.4787451772019268,2.0,greenway,0.0,50.0
2014,10000.0,0.4317603351548315,2.0,sports,0.2,36.0
2015,10000.0,0.4317603351548315,2.0,greenway,0.0,50.0
2016,10000.0,0.4923166278749705,2.0,sports,0.0,50.0
2017,10000.0,0.6723225856199861,2.0,sports,0.4,28.0
2018,10000.0,0.4923166278749705,2.0,recreation,0.0,50.0
2019,10000.0,0.4923166278749705,2.0,recreation,0.2,31.0
2020,10000.0,0.6723225856199861,2.0,sports,0.4,27.5
2021,10000.0,0.6723225856199861,2.0,recreation,0.0,50.0
2022,10000.0,0.5686927061527969,2.0,sports,0.0,50.0
2023,10000.0,0.29900733642280103,2.0,sports,0.0,50.0
2024,10000.0,0.5686927061527969,2.0,greenway,0.4,23.5
2025,10000.0,0.5686927061527969,2.0,greenway,0.0,50.0
2026,10000.0,0.29900733642280103,2.0,sports,0.2,30.0
2027,10000.0,0.29900733642280103,2.0,greenway,0.0,50.0
2028,10000.0,0.6686370203271509,2.0,greenway,0.0,50.0
2029,10000.0,0.5904538797214628,2.0,greenway,0.0,50.0
2030,10000.0,0.6686370203271509,2.0,sports,0.4,27.0
2031,10000.0,0.6686370203271509,2.0,sports,0.2,29.0
2032,10000.0,0.5904538797214628,2.0,greenway,0.4,28.5
2033,10000.0,0.5904538797214628,2.0,sports,0.2,30.0
2034,10000.0,0.2891036557033658,2.0,recreation,0.2,39.0
2035,10000.0,0.3621580857783556,2.0,recreation,0.2,32.0
2036,10000.0,0.2891036557033658,2.0,greenway,0.6,32.0
2037,10000.0,0.2891036557033658,2.0,greenway,0.0,50.0
2038,10000.0,0.3621580857783556,2.0,recreation,0.2,30.0
2039,10000.0,0.3621580857783556,2.0,greenway,0.2,25.0
2040,10000.0,0.25186373945325613,2.0,greenway,0.2,25.0
2041,10000.0,0.20755015406757593,2.0,greenway,0.0,50.0
2042,10000.0,0.25186373945325613,2.0,greenway,0.0,50.0
2043,10000.0,0.25186373945325613,2.0,greenway,0.2,28.0
2044,10000.0,0.20755015406757593,2.0,greenway,0.0,50.0
2045,10000.0,0.20755015406757593,2.0,greenway,0.0,50.0
2046,10000.0,0.7808763979002835,2.0,recreation,0.2,25.0
2047,10000.0,0.7261779155582191,2.0,recreation,0.2,29.0
2048,10000.0,0.7808763979002835,2.0,recreation,0.0,50.0
2049,10000.0,0.7808763979002835,2.0,recreation,0.4,19.5
2050,10000.0,0.7261779155582191,2.0,recreation,0.2,20.0
2051,10000.0,0.7261779155582191,2.0,recreation,0.2,26.0
2052,10000.0,0.6064533263444901,2.0,greenway,0.6,26.0
2053,10000.0,0.45350426156073814,2.0,greenway,0.2,23.0
2054,10000.0,0.6064533263444901,2.0,sports,0.0,50.0
2055,10000.0,0.6064533263444901,2.0,sports,0.2,30.0
2056,10000.0,0.45350426156073814,2.0,greenway,0.2,23.0
2057,10000.0,0.45350426156073814,2.0,sports,0.2,29.0
2058,10000.0,0.37955654188990595,2.0,recreation,0.0,50.0
2059,10000.0,0.5364875409752131,2.0,recreation,0.2,24.0
2060,10000.0,0.37955654188990595,2.0,recreation,0.2,26.0
2061,10000.0,0.37955654188990595,2.0,recreation,0.2,29.0
2062,10000.0,0.5364875409752131,2.0,recreation,0.0,50.0
2063,10000.0,0.5364875409752131,2.0,recreation,0.0,50.0
2064,10000.0,0.39555924683809285,2.0,greenway,0.0,50.0
2065,10000.0,0.47352179698646074,2.0,greenway,0.2,26.0
2066,10000.0,0.39555924683809285,2.0,recreation,0.0,50.0
2067,10000.0,0.39555924683809285,2.0,recreation,0.2,25.0
2068,10000.0,0.47352179698646074,2.0,greenway,0.2,32.0
2069,10000.0,0.47352179698646074,2.0,recreation,0.0,50.0
2070,10000.0,0.6184291459619999,2.0,recreation,0.0,50.0
2071,10000.0,0.5540147805586457,2.0,recreation,0.0,50.0
2072,10000.0,0.6184291459619999,2.0,greenway,0.0,50.0
2073,10000.0,0.6184291459619999,2.0,greenway,0.0,50.0
2074,10000.0,0.5540147805586457,2.0,recreation,0.0,50.0
2075,10000.0,0.5540147805586457,2.0,greenway,0.2,27.0
2076,10000.0,0.7442914983257651,2.0,sports,0.4,28.5
2077,10000.0,0.264765502884984,2.0,sports,0.4,32.5
2078,10000.0,0.7442914983257651,2.0,recreation,0.2,28.0
2079,10000.0,0.7442914983257651,2.0,recreation,0.4,25.5
2080,10000.0,0.264765502884984,2.0,sports,0.0,50.0
2081,10000.0,0.264765502884984,2.0,recreation,0.0,50.0
2082,10000.0,0.22297013234347107,2.0,sports,0.0,50.0
2083,10000.0,0.7814890312030913,2.0,sports,0.0,50.0
2084,10000.0,0.22297013234347107,2.0,sports,0.0,50.0
2085,10000.0,0.22297013234347107,2.0,sports,0.2,31.0
2086,10000.0,0.7814890312030913,2.0,sports,0.0,50.0
2087,10000.0,0.7814890312030913,2.0,sports,0.2,26.0
2088,10000.0,0.33572159949690106,2.0,greenway,0.2,27.0
2089,10000.0,0.6454341974109412,2.0,greenway,0.2,26.0
2090,10000.0,0.33572159949690106,2.0,sports,0.2,33.0
2091,10000.0,0.33572159949690106,2.0,sports,0.0,50.0
2092,10000.0,0.6454341974109412,2.0,greenway,0.0,50.0
2093,10000.0,0.6454341974109412,2.0,sports,0.2,24.0
2094,10000.0,0.7065405698493123,2.0,recreation,0.4,24.5
2095,10000.0,0.41962870154529813,2.0,recreation,0.4,30.5
2096,10000.0,0.7065405698493123,2.0,recreation,0.0,50.0
2097,10000.0,0.7065405698493123,2.0,recreation,0.2,29.0
2098,10000.0,0.41962870154529813,2.0,recreation,0.0,50.0
2099,10000.0,0.41962870154529813,2.0,recreation,0.4,27.5
2100,10000.0,0.506180076673627,2.0,greenway,0.4,31.5
2101,10000.0,0.6901050899177791,2.0,greenway,0.0,50.0
2102,10000.0,0.506180076673627,2.0,greenway,0.0,50.0
2103,10000.0,0.506180076673627,2.0,greenway,0.4,23.5
2104,10000.0,0.6901050899177791,2.0,greenway,0.2,27.0
2105,10000.0,0.6901050899177791,2.0,greenway,0.0,50.0
2106,10000.0,0.43280778191983704,2.0,recreation,0.0,50.0
2107,10000.0,0.318694076128304,2.0,recreation,0.0,50.0
2108,10000.0,0.43280778191983704,2.0,sports,0.0,50.0
2109,10000.0,0.43280778191983704,2.0,sports,0.0,50.0
2110,10000.0,0.318694076128304,2.0,recreation,0.6,27.0
2111,10000.0,0.318694076128304,2.0,sports,0.2,36.0
2112,10000.0,0.440272787027061,2.0,sports,0.0,50.0
2113,10000.0,0.3830801380798221,2.0,sports,0.6,29.0
2114,10000.0,0.440272787027061,2.0,recreation,0.4,28.0
2115,10000.0,0.440272787027061,2.0,recreation,0.2,29.0
2116,10000.0,0.3830801380798221,2.0,sports,0.4,30.0
2117,10000.0,0.3830801380798221,2.0,recreation,0.0,50.0
2118,10000.0,0.5174672609195115,2.0,sports,0.0,50.0
2119,10000.0,0.6069816142320634,2.0,sports,0.2,34.0
2120,10000.0,0.5174672609195115,2.0,sports,0.6,31.0
2121,10000.0,0.5174672609195115,2.0,sports,0.2,26.0
2122,10000.0,0.6069816142320634,2.0,sports,0.2,25.0
2123,10000.0,0.6069816142320634,2.0,sports,0.0,50.0
2124,10000.0,0.7198673091828824,2.0,greenway,0.2,29.0
2125,10000.0,0.27746258135885005,2.0,greenway,0.0,50.0
2126,10000.0,0.7198673091828824,2.0,recreation,0.0,50.0
2127,10000.0,0.7198673091828824,2.0,recreation,0.4,25.5
2128,10000.0,0.27746258135885005,2.0,greenway,0.2,28.0
2129,10000.0,0.27746258135885005,2.0,recreation,0.2,26.0
2130,10000.0,0.341142612695694,2.0,recreation,0.4,29.0
2131,10000.0,0.6563445933163167,2.0,recreation,0.0,50.0
2132,10000.0,0.341142612695694,2.0,greenway,0.2,26.0
2133,10000.0,0.341142612695694,2.0,greenway,0.2,28.0
2134,10000.0,0.6563445933163167,2.0,recreation,0.4,27.0
2135,10000.0,0.6563445933163167,2.0,greenway,0.0,50.0
2136,10000.0,0.22838192097842694,2.0,greenway,0.2,23.0
2137,10000.0,0.5108735529705883,2.0,greenway,0.8,25.0
2138,10000.0,0.22838192097842694,2.0,greenway,0.4,30.0
2139,10000.0,0.22838192097842694,2.0,greenway,0.0,50.0
2140,10000.0,0.5108735529705883,2.0,greenway,0.0,50.0
2141,10000.0,0.5108735529705883,2.0,greenway,0.0,50.0
2142,10000.0,0.7576273236423732,2.0,recreation,0.2,30.0
2143,10000.0,0.44165958911180503,2.0,recreation,0.2,30.0
2144,10000.0,0.7576273236423732,2.0,sports,0.2,33.0
2145,10000.0,0.7576273236423732,2.0,sports,0.0,50.0
2146,10000.0,0.44165958911180503,2.0,recreation,0.8,28.5
2147,10000.0,0.44165958911180503,2.0,sports,0.2,32.0
2148,10000.0,0.6297072486951948,2.0,sports,0.2,25.0
2149,10000.0,0.7524148901924492,2.0,sports,0.0,50.0
2150,10000.0,0.6297072486951948,2.0,greenway,0.4,27.5
2151,10000.0,0.6297072486951948,2.0,greenway,0.2,24.0
2152,10000.0,0.7524148901924492,2.0,sports,0.0,50.0
2153,10000.0,0.7524148901924492,2.0,greenway,0.4,24.0
2154,10000.0,0.4030334809795022,2.0,sports,0.2,31.0
2155,10000.0,0.21884536370635033,2.0,sports,0.0,50.0
2156,10000.0,0.4030334809795022,2.0,recreation,0.2,26.0
2157,10000.0,0.4030334809795022,2.0,recreation,0.2,31.0
2158,10000.0,0.21884536370635033,2.0,sports,0.6,31.0
2159,10000.0,0.21884536370635033,2.0,recreation,0.0,50.0
2160,10000.0,0.3717964055016637,2.0,greenway,0.0,50.0
2161,10000.0,0.7699053555727007,2.0,greenway,0.0,50.0
2162,10000.0,0.3717964055016637,2.0,sports,0.0,50.0
2163,10000.0,0.3717964055016637,2.0,sports,0.0,50.0
2164,10000.0,0.7699053555727007,2.0,greenway,0.2,33.0
2165,10000.0,0.7699053555727007,2.0,sports,0.0,50.0
2166,10000.0,0.59546581748873,2.0,recreation,0.0,50.0
2167,10000.0,0.2388261450454593,2.0,recreation,0.4,32.0
2168,10000.0,0.59546581748873,2.0,greenway,0.0,50.0
2169,10000.0,0.59546581748873,2.0,greenway,0.2,29.0
2170,10000.0,0.2388261450454593,2.0,recreation,0.0,50.0
2171,10000.0,0.2388261450454593,2.0,greenway,0.0,50.0
2172,10000.0,0.7672591026872397,2.0,greenway,0.2,29.0
2173,10000.0,0.5661479122936726,2.0,greenway,0.0,50.0
2174,10000.0,0.7672591026872397,2.0,recreation,0.0,50.0
2175,10000.0,0.7672591026872397,2.0,recreation,0.0,50.0
2176,10000.0,0.5661479122936726,2.0,greenway,0.2,25.0
2177,10000.0,0.5661479122936726,2.0,recreation,0.2,28.0
2178,10000.0,0.24672866649925712,2.0,recreation,0.4,31.5
2179,10000.0,0.498838165961206,2.0,recreation,0.0,50.0
2180,10000.0,0.24672866649925712,2.0,greenway,0.2,33.0
2181,10000.0,0.24672866649925712,2.0,greenway,0.4,29.5
2182,10000.0,0.498838165961206,2.0,recreation,0.2,23.0
2183,10000.0,0.498838165961206,2.0,greenway,0.2,31.0
2184,10000.0,0.2839778073132038,2.0,sports,0.2,32.0
2185,10000.0,0.3349696829915047,2.0,sports,0.2,31.0
2186,10000.0,0.2839778073132038,2.0,sports,0.2,29.0
2187,10000.0,0.2839778073132038,2.0,sports,0.0,50.0
2188,10000.0,0.3349696829915047,2.0,sports,0.0,50.0
2189,10000.0,0.3349696829915047,2.0,sports,0.0,50.0
2190,10000.0,0.6550106391310693,2.0,sports,0.0,50.0
2191,10000.0,0.7113613812252879,2.0,sports,0.0,50.0
2192,10000.0,0.6550106391310693,2.0,recreation,0.2,24.0
2193,10000.0,0.6550106391310693,2.0,recreation,0.0,50.0
2194,10000.0,0.7113613812252879,2.0,sports,0.2,30.0
2195,10000.0,0.7113613812252879,2.0,recreation,0.4,26.0
2196,10000.0,0.5577142788097262,2.0,greenway,0.4,30.5
2197,10000.0,0.40280334576964383,2.0,greenway,0.4,30.0
2198,10000.0,0.5577142788097262,2.0,greenway,0.0,50.0
2199,10000.0,0.5577142788097262,2.0,greenway,0.4,25.5
2200,10000.0,0.40280334576964383,2.0,greenway,0.0,50.0
2201,10000.0,0.40280334576964383,2.0,greenway,0.0,50.0
2202,10000.0,0.4845472624525428,2.0,recreation,0.2,33.0
2203,10000.0,0.6248006066307425,2.0,recreation,0.2,31.0
2204,10000.0,0.4845472624525428,2.0,recreation,0.4,27.0
2205,10000.0,0.4845472624525428,2.0,recreation,0.0,50.0
2206,10000.0,0.6248006066307425,2.0,recreation,0.2,27.0
2207,10000.0,0.6248006066307425,2.0,recreation,0.0,50.0
2208,10000.0,0.4701038625091315,2.0,greenway,0.4,30.5
2209,10000.0,0.271153567545116,2.0,greenway,0.2,35.0
2210,10000.0,0.4701038625091315,2.0,greenway,0.0,50.0
2211,10000.0,0.4701038625091315,2.0,greenway,0.2,28.0
2212,10000.0,0.271153567545116,2.0,greenway,0.4,31.5
2213,10000.0,0.271153567545116,2.0,greenway,0.0,50.0
2214,10000.0,0.5440310526639224,2.0,recreation,0.0,50.0
2215,10000.0,0.7950547397136689,2.0,recreation,0.2,21.0
2216,10000.0,0.5440310526639224,2.0,recreation,0.4,27.0
2217,10000.0,0.5440310526639224,2.0,recreation,0.4,25.0
2218,10000.0,0.7950547397136689,2.0,recreation,0.0,50.0
2219,10000.0,0.7950547397136689,2.0,recreation,0.2,26.0
2220,10000.0,0.6698294254019856,2.0,sports,0.2,34.0
2221,10000.0,0.4655222600325943,2.0,sports,0.2,27.0
2222,10000.0,0.6698294254019856,2.0,greenway,0.2,23.0
2223,10000.0,0.6698294254019856,2.0,greenway,0.2,25.0
2224,10000.0,0.4655222600325943,2.0,sports,0.0,50.0
2225,10000.0,0.4655222600325943,2.0,greenway,0.2,26.0
2226,10000.0,0.2972856873646379,2.0,sports,0.0,50.0
2227,10000.0,0.5444040037691593,2.0,sports,0.2,28.0
2228,10000.0,0.2972856873646379,2.0,sports,0.2,27.0
2229,10000.0,0.2972856873646379,2.0,sports,0.0,50.0
2230,10000.0,0.5444040037691593,2.0,sports,0.0,50.0
2231,10000.0,0.5444040037691593,2.0,sports,0.0,50.0
2232,10000.0,0.26011958550661807,2.0,greenway,0.2,29.0
2233,10000.0,0.6989741621538997,2.0,greenway,0.4,29.0
2234,10000.0,0.26011958550661807,2.0,sports,0.2,28.0
2235,10000.0,0.26011958550661807,2.0,sports,0.4,27.0
2236,10000.0,0.6989741621538997,2.0,greenway,0.0,50.0
2237,10000.0,0.6989741621538997,2.0,sports,0.2,29.0
2238,10000.0,0.781996132992208,2.0,recreation,0.2,23.0
2239,10000.0,0.329760466516018,2.0,recreation,0.2,29.0
2240,10000.0,0.781996132992208,2.0,greenway,0.2,34.0
2241,10000.0,0.781996132992208,2.0,greenway,0.2,23.0
2242,10000.0,0.329760466516018,2.0,recreation,0.6,29.0
2243,10000.0,0.329760466516018,2.0,greenway,0.0,50.0
2244,10000.0,0.5818643428385258,2.0,greenway,0.0,50.0
2245,10000.0,0.640520059131086,2.0,greenway,0.2,27.0
2246,10000.0,0.5818643428385258,2.0,recreation,0.0,50.0
2247,10000.0,0.5818643428385258,2.0,recreation,0.4,23.5
2248,10000.0,0.640520059131086,2.0,greenway,0.2,23.0
2249,10000.0,0.640520059131086,2.0,recreation,0.2,30.0
2250,10000.0,0.35726996213197715,2.0,recreation,0.2,31.0
2251,10000.0,0.4069508366286755,2.0,recreation,0.0,50.0
2252,10000.0,0.35726996213197715,2.0,sports,0.4,31.5
2253,10000.0,0.35726996213197715,2.0,sports,0.2,27.0
2254,10000.0,0.4069508366286755,2.0,recreation,0.2,25.0
2255,10000.0,0.4069508366286755,2.0,sports,0.6,28.0
2256,10000.0,0.41787744089961054,2.0,sports,0.2,26.0
2257,10000.0,0.5830404222011567,2.0,sports,0.4,31.0
2258,10000.0,0.41787744089961054,2.0,greenway,0.0,50.0
2259,10000.0,0.41787744089961054,2.0,greenway,0.2,24.0
2260,10000.0,0.5830404222011567,2.0,sports,0.2,27.0
2261,10000.0,0.5830404222011567,2.0,greenway,0.0,50.0
2262,10000.0,0.6429853707551957,2.0,sports,0.0,50.0
2263,10000.0,0.3519615156576038,2.0,sports,0.2,29.0
2264,10000.0,0.6429853707551957,2.0,recreation,0.0,50.0
2265,10000.0,0.6429853707551957,2.0,recreation,0.0,50.0
2266,10000.0,0.3519615156576038,2.0,sports,0.4,31.0
2267,10000.0,0.3519615156576038,2.0,recreation,0.4,25.0
2268,10000.0,0.7431404350325466,2.0,greenway,0.0,50.0
2269,10000.0,0.6792967297136785,2.0,greenway,0.2,28.0
2270,10000.0,0.7431404350325466,2.0,sports,0.2,27.0
2271,10000.0,0.7431404350325466,2.0,sports,0.2,29.0
2272,10000.0,0.6792967297136785,2.0,greenway,0.0,50.0
2273,10000.0,0.6792967297136785,2.0,sports,0.0,50.0
2274,10000.0,0.2147467589005828,2.0,recreation,0.2,27.0
2275,10000.0,0.31198725160211327,2.0,recreation,0.2,30.0
2276,10000.0,0.2147467589005828,2.0,recreation,0.0,50.0
2277,10000.0,0.2147467589005828,2.0,recreation,0.0,50.0
2278,10000.0,0.31198725160211327,2.0,recreation,0.0,50.0
2279,10000.0,0.31198725160211327,2.0,recreation,0.4,29.5
2280,10000.0,0.32757089603692296,2.0,greenway,0.0,50.0
2281,10000.0,0.44800432771444326,2.0,greenway,0.2,29.0
2282,10000.0,0.32757089603692296,2.0,recreation,0.0,50.0
2283,10000.0,0.32757089603692296,2.0,recreation,0.0,50.0
2284,10000.0,0.44800432771444326,2.0,greenway,0.0,50.0
2285,10000.0,0.44800432771444326,2.0,recreation,0.2,30.0
2286,10000.0,0.705315692164004,2.0,recreation,0.4,26.0
2287,10000.0,0.524395757727325,2.0,recreation,0.2,27.0
2288,10000.0,0.705315692164004,2.0,sports,0.2,31.0
2289,10000.0,0.705315692164004,2.0,sports,0.0,50.0
2290,10000.0,0.524395757727325,2.0,recreation,0.4,23.5
2291,10000.0,0.524395757727325,2.0,sports,0.0,50.0
2292,10000.0,0.5308101158589125,2.0,sports,0.0,50.0
2293,10000.0,0.21583343073725703,2.0,sports,0.2,32.0
2294,10000.0,0.5308101158589125,2.0,sports,0.2,26.0
2295,10000.0,0.5308101158589125,2.0,sports,0.2,28.0
2296,10000.0,0.21583343073725703,2.0,sports,0.0,50.0
2297,10000.0,0.21583343073725703,2.0,sports,0.0,50.0
2298,10000.0,0.4550533059984446,2.0,sports,0.2,32.0
2299,10000.0,0.7378303876146675,2.0,sports,0.4,24.5
2300,10000.0,0.4550533059984446,2.0,greenway,0.4,25.0
2301,10000.0,0.4550533059984446,2.0,greenway,0.0,50.0
2302,10000.0,0.7378303876146675,2.0,sports,0.2,30.0
2303,10000.0,0.7378303876146675,2.0,greenway,0.0,50.0
2304,10000.0,0.45760354138910775,2.0,greenway,0.0,50.0
2305,10000.0,0.4574056670069695,2.0,greenway,0.0,50.0
2306,10000.0,0.45760354138910775,2.0,sports,0.2,27.0
2307,10000.0,0.45760354138910775,2.0,sports,0.2,36.0
2308,10000.0,0.4574056670069695,2.0,greenway,0.0,50.0
2309,10000.0,0.4574056670069695,2.0,sports,0.0,50.0
2310,10000.0,0.5284086357802154,2.0,recreation,0.2,30.0
2311,10000.0,0.53379745464772,2.0,recreation,0.4,26.5
2312,10000.0,0.5284086357802154,2.0,greenway,0.0,50.0
2313,10000.0,0.5284086357802154,2.0,greenway,0.2,26.0
2314,10000.0,0.53379745464772,2.0,recreation,0.2,29.0
2315,10000.0,0.53379745464772,2.0,greenway,0.0,50.0
2316,10000.0,0.7030479649081827,2.0,sports,0.2,27.0
2317,10000.0,0.206466531008482,2.0,sports,0.4,27.5
2318,10000.0,0.7030479649081827,2.0,recreation,0.2,25.0
2319,10000.0,0.7030479649081827,2.0,recreation,0.2,23.0
2320,10000.0,0.206466531008482,2.0,sports,0.2,30.0
2321,10000.0,0.206466531008482,2.0,recreation,0.2,28.0
2322,10000.0,0.3296898322179914,2.0,sports,0.0,50.0
2323,10000.0,0.7284637024626137,2.0,sports,0.4,27.5
2324,10000.0,0.3296898322179914,2.0,greenway,0.0,50.0
2325,10000.0,0.3296898322179914,2.0,greenway,0.2,28.0
2326,10000.0,0.7284637024626137,2.0,sports,0.0,50.0
2327,10000.0,0.7284637024626137,2.0,greenway,0.2,25.0
2328,10000.0,0.21744133289903403,2.0,greenway,0.2,25.0
2329,10000.0,0.5924043536186219,2.0,greenway,0.0,50.0
2330,10000.0,0.21744133289903403,2.0,sports,0.0,50.0
2331,10000.0,0.21744133289903403,2.0,sports,0.4,32.0
2332,10000.0,0.5924043536186219,2.0,greenway,0.0,50.0
2333,10000.0,0.5924043536186219,2.0,sports,0.0,50.0
2334,10000.0,0.7402970699593425,2.0,recreation,0.2,24.0
2335,10000.0,0.3613250894472003,2.0,recreation,0.2,31.0
2336,10000.0,0.7402970699593425,2.0,recreation,0.4,26.0
2337,10000.0,0.7402970699593425,2.0,recreation,0.2,22.0
2338,10000.0,0.3613250894472003,2.0,recreation,0.4,29.0
2339,10000.0,0.3613250894472003,2.0,recreation,0.2,25.0
2340,10000.0,0.6411595284938814,2.0,greenway,0.0,50.0
2341,10000.0,0.669892279058695,2.0,greenway,0.0,50.0
2342,10000.0,0.6411595284938814,2.0,greenway,0.0,50.0
2343,10000.0,0.6411595284938814,2.0,greenway,0.0,50.0
2344,10000.0,0.669892279058695,2.0,greenway,0.2,24.0
2345,10000.0,0.669892279058695,2.0,greenway,0.0,50.0
2346,10000.0,0.4198520384728909,2.0,recreation,0.0,50.0
2347,10000.0,0.3025825863704086,2.0,recreation,0.2,28.0
2348,10000.0,0.4198520384728909,2.0,sports,0.2,28.0
2349,10000.0,0.4198520384728909,2.0,sports,0.0,50.0
2350,10000.0,0.3025825863704086,2.0,recreation,0.2,29.0
2351,10000.0,0.3025825863704086,2.0,sports,0.2,37.0
2352,10000.0,0.35499536842107776,2.0,sports,0.4,29.5
2353,10000.0,0.6896099803969264,2.0,sports,0.2,23.0
2354,10000.0,0.35499536842107776,2.0,recreation,0.0,50.0
2355,10000.0,0.35499536842107776,2.0,recreation,0.0,50.0
2356,10000.0,0.6896099803969264,2.0,sports,0.2,26.0
2357,10000.0,0.6896099803969264,2.0,recreation,0.2,26.0
2358,10000.0,0.5839947231113911,2.0,sports,0.2,26.0
2359,10000.0,0.32039592713117604,2.0,sports,0.4,29.5
2360,10000.0,0.5839947231113911,2.0,sports,0.0,50.0
2361,10000.0,0.5839947231113911,2.0,sports,0.2,26.0
2362,10000.0,0.32039592713117604,2.0,sports,0.0,50.0
2363,10000.0,0.32039592713117604,2.0,sports,0.0,50.0
2364,10000.0,0.7845715453848243,2.0,greenway,0.0,50.0
2365,10000.0,0.6499241163954139,2.0,greenway,0.4,24.5
2366,10000.0,0.7845715453848243,2.0,recreation,0.0,50.0
2367,10000.0,0.7845715453848243,2.0,recreation,0.0,50.0
2368,10000.0,0.6499241163954139,2.0,greenway,0.4,26.0
2369,10000.0,0.6499241163954139,2.0,recreation,0.0,50.0
2370,10000.0,0.25768835078924895,2.0,recreation,0.0,50.0
2371,10000.0,0.41635467931628234,2.0,recreation,0.2,30.0
2372,10000.0,0.25768835078924895,2.0,greenway,0.2,28.0
2373,10000.0,0.25768835078924895,2.0,greenway,0.4,34.5
2374,10000.0,0.41635467931628234,2.0,recreation,0.2,22.0
2375,10000.0,0.41635467931628234,2.0,greenway,0.0,50.0
2376,10000.0,0.2954484010115266,2.0,greenway,0.0,50.0
2377,10000.0,0.2617512626573444,2.0,greenway,0.4,30.5
2378,10000.0,0.2954484010115266,2.0,greenway,0.0,50.0
2379,10000.0,0.2954484010115266,2.0,greenway,0.2,29.0
2380,10000.0,0.2617512626573444,2.0,greenway,0.6,29.0
2381,10000.0,0.2617512626573444,2.0,greenway,0.0,50.0
2382,10000.0,0.6718108894303442,2.0,recreation,0.0,50.0
2383,10000.0,0.785652792453766,2.0,recreation,0.2,24.0
2384,10000.0,0.6718108894303442,2.0,sports,0.2,26.0
2385,10000.0,0.6718108894303442,2.0,sports,0.2,25.0
2386,10000.0,0.785652792453766,2.0,recreation,0.2,27.0
2387,10000.0,0.785652792453766,2.0,sports,0.2,32.0
2388,10000.0,0.5467553813010455,2.0,sports,0.2,25.0
2389,10000.0,0.47488833721727136,2.0,sports,0.0,50.0
2390,10000.0,0.5467553813010455,2.0,sports,0.4,29.5
2391,10000.0,0.5467553813010455,2.0,sports,0.4,27.5
2392,10000.0,0.47488833721727136,2.0,sports,0.0,50.0
2393,10000.0,0.47488833721727136,2.0,sports,0.4,34.5
2394,10000.0,0.4672353204339743,2.0,sports,0.2,31.0
2395,10000.0,0.5537702955305577,2.0,sports,0.0,50.0
2396,10000.0,0.4672353204339743,2.0,recreation,0.2,27.0
2397,10000.0,0.4672353204339743,2.0,recreation,0.0,50.0
2398,10000.0,0.5537702955305577,2.0,sports,0.0,50.0
2399,10000.0,0.5537702955305577,2.0,recreation,0.0,50.0
2400,10000.0,0.4820151945576072,2.0,greenway,0.0,50.0
2401,10000.0,0.3443371191620827,2.0,greenway,0.0,50.0
2402,10000.0,0.4820151945576072,2.0,greenway,0.0,50.0
2403,10000.0,0.4820151945576072,2.0,greenway,0.0,50.0
2404,10000.0,0.3443371191620827,2.0,greenway,0.2,28.0
2405,10000.0,0.3443371191620827,2.0,greenway,0.2,31.0
2406,10000.0,0.560097591392696,2.0,recreation,0.4,26.5
2407,10000.0,0.7207286028191449,2.0,recreation,0.0,50.0
2408,10000.0,0.560097591392696,2.0,recreation,0.0,50.0
2409,10000.0,0.560097591392696,2.0,recreation,0.2,28.0
2410,10000.0,0.7207286028191449,2.0,recreation,0.4,25.5
2411,10000.0,0.7207286028191449,2.0,recreation,0.2,22.0
2412,10000.0,0.6572599127888681,2.0,greenway,0.2,20.0
2413,10000.0,0.3934025429189205,2.0,greenway,0.2,28.0
2414,10000.0,0.6572599127888681,2.0,sports,0.0,50.0
2415,10000.0,0.6572599127888681,2.0,sports,0.2,33.0
2416,10000.0,0.3934025429189205,2.0,greenway,0.4,26.0
2417,10000.0,0.3934025429189205,2.0,sports,0.0,50.0
2418,10000.0,0.28187732473015786,2.0,recreation,0.4,31.0
2419,10000.0,0.6153994461521507,2.0,recreation,0.2,28.0
2420,10000.0,0.28187732473015786,2.0,recreation,0.0,50.0
2421,10000.0,0.28187732473015786,2.0,recreation,0.4,26.5
2422,10000.0,0.6153994461521507,2.0,recreation,0.0,50.0
2423,10000.0,0.6153994461521507,2.0,recreation,0.6,27.0
2424,10000.0,0.24405254609882834,2.0,greenway,0.4,28.5
2425,10000.0,0.7793080538511277,2.0,greenway,0.2,26.0
2426,10000.0,0.24405254609882834,2.0,recreation,0.2,29.0
2427,10000.0,0.24405254609882834,2.0,recreation,0.0,50.0
2428,10000.0,0.7793080538511277,2.0,greenway,0.4,22.0
2429,10000.0,0.7793080538511277,2.0,recreation,0.0,50.0
2430,10000.0,0.7700840141624212,2.0,recreation,0.4,28.5
2431,10000.0,0.24822905790060762,2.0,recreation,0.0,50.0
2432,10000.0,0.7700840141624212,2.0,greenway,0.0,50.0
2433,10000.0,0.7700840141624212,2.0,greenway,0.2,27.0
2434,10000.0,0.24822905790060762,2.0,recreation,0.2,31.0
2435,10000.0,0.24822905790060762,2.0,greenway,0.2,27.0
2436,10000.0,0.5972734922543168,2.0,sports,0.0,50.0
2437,10000.0,0.5567822284996511,2.0,sports,0.0,50.0
2438,10000.0,0.5972734922543168,2.0,sports,0.2,29.0
2439,10000.0,0.5972734922543168,2.0,sports,0.0,50.0
2440,10000.0,0.5567822284996511,2.0,sports,0.2,31.0
2441,10000.0,0.5567822284996511,2.0,sports,0.4,30.0
2442,10000.0,0.36983997542411096,2.0,sports,0.0,50.0
2443,10000.0,0.48947283979505307,2.0,sports,0.2,29.0
2444,10000.0,0.36983997542411096,2.0,greenway,0.0,50.0
2445,10000.0,0.36983997542411096,2.0,greenway,0.2,27.0
2446,10000.0,0.48947283979505307,2.0,sports,0.0,50.0
2447,10000.0,0.48947283979505307,2.0,greenway,0.0,50.0
2448,10000.0,0.4053262421861291,2.0,greenway,0.0,50.0
2449,10000.0,0.5014700321480632,2.0,greenway,0.0,50.0
2450,10000.0,0.4053262421861291,2.0,greenway,0.0,50.0
2451,10000.0,0.4053262421861291,2.0,greenway,0.4,30.0
2452,10000.0,0.5014700321480632,2.0,greenway,0.0,50.0
2453,10000.0,0.5014700321480632,2.0,greenway,0.2,24.0
2454,10000.0,0.6275587009266019,2.0,recreation,0.2,24.0
2455,10000.0,0.43225628286600115,2.0,recreation,0.0,50.0
2456,10000.0,0.6275587009266019,2.0,recreation,0.0,50.0
2457,10000.0,0.6275587009266019,2.0,recreation,0.0,50.0
2458,10000.0,0.43225628286600115,2.0,recreation,0.0,50.0
2459,10000.0,0.43225628286600115,2.0,recreation,0.0,50.0
2460,10000.0,0.7550334576517344,2.0,greenway,0.2,32.0
2461,10000.0,0.7617796083912254,2.0,greenway,0.2,26.0
2462,10000.0,0.7550334576517344,2.0,greenway,0.2,21.0
2463,10000.0,0.7550334576517344,2.0,greenway,0.2,24.0
2464,10000.0,0.7617796083912254,2.0,greenway,0.4,26.0
2465,10000.0,0.7617796083912254,2.0,greenway,0.2,25.0
2466,10000.0,0.2308316092938185,2.0,recreation,0.4,31.0
2467,10000.0,0.22821043953299525,2.0,recreation,0.2,27.0
2468,10000.0,0.2308316092938185,2.0,sports,0.0,50.0
2469,10000.0,0.2308316092938185,2.0,sports,0.0,50.0
2470,10000.0,0.22821043953299525,2.0,recreation,0.2,30.0
2471,10000.0,0.22821043953299525,2.0,sports,0.2,31.0
2472,10000.0,0.34299835264682776,2.0,sports,0.4,33.0
2473,10000.0,0.3737123085185886,2.0,sports,0.2,34.0
2474,10000.0,0.34299835264682776,2.0,recreation,0.4,31.0
2475,10000.0,0.34299835264682776,2.0,recreation,0.0,50.0
2476,10000.0,0.3737123085185886,2.0,sports,0.0,50.0
2477,10000.0,0.3737123085185886,2.0,recreation,0.0,50.0
2478,10000.0,0.7178673915565015,2.0,sports,0.2,30.0
2479,10000.0,0.5976135700941086,2.0,sports,0.2,29.0
2480,10000.0,0.7178673915565015,2.0,greenway,0.0,50.0
2481,10000.0,0.7178673915565015,2.0,greenway,0.2,30.0
2482,10000.0,0.5976135700941086,2.0,sports,0.4,33.0
2483,10000.0,0.5976135700941086,2.0,greenway,0.2,29.0
2484,10000.0,0.5147247647866607,2.0,greenway,0.2,24.0
2485,10000.0,0.28686313387006523,2.0,greenway,0.0,50.0
2486,10000.0,0.5147247647866607,2.0,recreation,0.2,29.0
2487,10000.0,0.5147247647866607,2.0,recreation,0.0,50.0
2488,10000.0,0.28686313387006523,2.0,greenway,0.2,27.0
2489,10000.0,0.28686313387006523,2.0,recreation,0.0,50.0
2490,10000.0,0.44315949659794573,2.0,recreation,0.0,50.0
2491,10000.0,0.6657447881996632,2.0,recreation,0.2,24.0
2492,10000.0,0.44315949659794573,2.0,sports,0.4,30.0
2493,10000.0,0.44315949659794573,2.0,sports,0.0,50.0
2494,10000.0,0.6657447881996632,2.0,recreation,0.2,25.0
2495,10000.0,0.6657447881996632,2.0,sports,0.2,26.0
2496,10000.0,0.43070728145539766,2.0,sports,0.2,29.0
2497,10000.0,0.6360698726028204,2.0,sports,0.0,50.0
2498,10000.0,0.43070728145539766,2.0,greenway,0.0,50.0
2499,10000.0,0.43070728145539766,2.0,greenway,0.0,50.0
2500,10000.0,0.6360698726028204,2.0,sports,0.6,31.0
2501,10000.0,0.6360698726028204,2.0,greenway,0.2,31.0
2502,10000.0,0.5084293324500323,2.0,sports,0.2,31.0
2503,10000.0,0.41026401910930876,2.0,sports,0.4,33.5
2504,10000.0,0.5084293324500323,2.0,sports,0.0,50.0
2505,10000.0,0.5084293324500323,2.0,sports,0.0,50.0
2506,10000.0,0.41026401910930876,2.0,sports,0.2,32.0
2507,10000.0,0.41026401910930876,2.0,sports,0.4,30.0
2508,10000.0,0.7089238645508886,2.0,greenway,0.0,50.0
2509,10000.0,0.6995090041309596,2.0,greenway,0.4,22.0
2510,10000.0,0.7089238645508886,2.0,greenway,0.4,25.5
2511,10000.0,0.7089238645508886,2.0,greenway,0.0,50.0
2512,10000.0,0.6995090041309596,2.0,greenway,0.6,26.0
2513,10000.0,0.6995090041309596,2.0,greenway,0.0,50.0
2514,10000.0,0.33318951372057204,2.0,recreation,0.0,50.0
2515,10000.0,0.3280977757647634,2.0,recreation,0.0,50.0
2516,10000.0,0.33318951372057204,2.0,recreation,0.2,27.0
2517,10000.0,0.33318951372057204,2.0,recreation,0.2,33.0
2518,10000.0,0.3280977757647634,2.0,recreation,0.2,25.0
2519,10000.0,0.3280977757647634,2.0,recreation,0.4,26.0
2520,10000.0,0.22101368438452484,2.0,greenway,0.2,33.0
2521,10000.0,0.46411934904754165,2.0,greenway,0.2,22.0
2522,10000.0,0.22101368438452484,2.0,recreation,0.0,50.0
2523,10000.0,0.22101368438452484,2.0,recreation,0.0,50.0
2524,10000.0,0.46411934904754165,2.0,greenway,0.2,31.0
2525,10000.0,0.46411934904754165,2.0,recreation,0.0,50.0
2526,10000.0,0.7460991552099587,2.0,recreation,0.6,24.0
2527,10000.0,0.5446126902475954,2.0,recreation,0.2,26.0
2528,10000.0,0.7460991552099587,2.0,sports,0.6,27.0
2529,10000.0,0.7460991552099587,2.0,sports,0.0,50.0
2530,10000.0,0.5446126902475954,2.0,recreation,0.2,27.0
2531,10000.0,0.5446126902475954,2.0,sports,0.2,28.0
2532,10000.0,0.6212540395557882,2.0,greenway,0.2,25.0
2533,10000.0,0.2741314370185137,2.0,greenway,0.0,50.0
2534,10000.0,0.6212540395557882,2.0,sports,0.0,50.0
2535,10000.0,0.6212540395557882,2.0,sports,0.6,28.0
2536,10000.0,0.2741314370185137,2.0,greenway,0.0,50.0
2537,10000.0,0.2741314370185137,2.0,sports,0.0,50.0
2538,10000.0,0.3928831085562706,2.0,recreation,0.2,24.0
2539,10000.0,0.7908551799133421,2.0,recreation,0.0,50.0
2540,10000.0,0.3928831085562706,2.0,greenway,0.6,25.0
2541,10000.0,0.3928831085562706,2.0,greenway,0.0,50.0
2542,10000.0,0.7908551799133421,2.0,recreation,0.2,25.0
2543,10000.0,0.7908551799133421,2.0,greenway,0.2,25.0
2544,10000.0,0.3820062123239041,2.0,greenway,0.2,31.0
2545,10000.0,0.21695163641124965,2.0,greenway,0.2,28.0
2546,10000.0,0.3820062123239041,2.0,sports,0.0,50.0
2547,10000.0,0.3820062123239041,2.0,sports,0.4,27.0
2548,10000.0,0.21695163641124965,2.0,greenway,0.4,30.0
2549,10000.0,0.21695163641124965,2.0,sports,0.0,50.0
2550,10000.0,0.6038594424724579,2.0,recreation,0.0,50.0
2551,10000.0,0.7355797555297614,2.0,recreation,0.0,50.0
2552,10000.0,0.6038594424724579,2.0,recreation,0.0,50.0
2553,10000.0,0.6038594424724579,2.0,recreation,0.2,25.0
2554,10000.0,0.7355797555297614,2.0,recreation,0.2,26.0
2555,10000.0,0.7355797555297614,2.0,recreation,0.0,50.0
2556,10000.0,0.7787278322502971,2.0,sports,0.2,29.0
2557,10000.0,0.44413750488311055,2.0,sports,0.0,50.0
2558,10000.0,0.7787278322502971,2.0,greenway,0.2,23.0
2559,10000.0,0.7787278322502971,2.0,greenway,0.0,50.0
2560,10000.0,0.44413750488311055,2.0,sports,0.0,50.0
2561,10000.0,0.44413750488311055,2.0,greenway,0.2,30.0
2562,10000.0,0.2541564827784896,2.0,sports,0.2,35.0
2563,10000.0,0.5271209988743067,2.0,sports,0.2,30.0
2564,10000.0,0.2541564827784896,2.0,recreation,0.0,50.0
2565,10000.0,0.2541564827784896,2.0,recreation,0.2,28.0
2566,10000.0,0.5271209988743067,2.0,sports,0.0,50.0
2567,10000.0,0.5271209988743067,2.0,recreation,0.0,50.0
2568,10000.0,0.2919903473928571,2.0,sports,0.4,31.0
2569,10000.0,0.6816866600885988,2.0,sports,0.2,23.0
2570,10000.0,0.2919903473928571,2.0,sports,0.0,50.0
2571,10000.0,0.2919903473928571,2.0,sports,0.0,50.0
2572,10000.0,0.6816866600885988,2.0,sports,0.2,26.0
2573,10000.0,0.6816866600885988,2.0,sports,0.4,30.5
2574,10000.0,0.6658945063129068,2.0,sports,0.2,30.0
2575,10000.0,0.3083710532635451,2.0,sports,0.2,32.0
2576,10000.0,0.6658945063129068,2.0,greenway,0.0,50.0
2577,10000.0,0.6658945063129068,2.0,greenway,0.0,50.0
2578,10000.0,0.3083710532635451,2.0,sports,0.0,50.0
2579,10000.0,0.3083710532635451,2.0,greenway,0.0,50.0
2580,10000.0,0.5666927706450224,2.0,greenway,0.2,19.0
2581,10000.0,0.5810495721176268,2.0,greenway,0.0,50.0
2582,10000.0,0.5666927706450224,2.0,recreation,0.0,50.0
2583,10000.0,0.5666927706450224,2.0,recreation,0.2,29.0
2584,10000.0,0.5810495721176268,2.0,greenway,0.0,50.0
2585,10000.0,0.5810495721176268,2.0,recreation,0.2,26.0
2586,10000.0,0.49417234994471076,2.0,recreation,0.2,26.0
2587,10000.0,0.3527535635977984,2.0,recreation,0.2,28.0
2588,10000.0,0.49417234994471076,2.0,greenway,0.4,30.5
2589,10000.0,0.49417234994471076,2.0,greenway,0.0,50.0
2590,10000.0,0.3527535635977984,2.0,recreation,0.0,50.0
2591,10000.0,0.3527535635977984,2.0,greenway,0.2,31.0
2592,10000.0,0.4808641312643886,2.0,greenway,0.2,28.0
2593,10000.0,0.7491019424051046,2.0,greenway,0.4,25.5
2594,10000.0,0.4808641312643886,2.0,sports,0.0,50.0
2595,10000.0,0.4808641312643886,2.0,sports,0.0,50.0
2596,10000.0,0.7491019424051046,2.0,greenway,0.0,50.0
2597,10000.0,0.7491019424051046,2.0,sports,0.0,50.0
2598,10000.0,0.5518742179498077,2.0,recreation,0.0,50.0
2599,10000.0,0.22329639289528133,2.0,recreation,0.2,31.0
2600,10000.0,0.5518742179498077,2.0,greenway,0.2,26.0
2601,10000.0,0.5518742179498077,2.0,greenway,0.4,29.0
2602,10000.0,0.22329639289528133,2.0,recreation,0.2,32.0
2603,10000.0,0.22329639289528133,2.0,greenway,0.2,29.0
2604,10000.0,0.6795781068503857,2.0,sports,0.2,28.0
2605,10000.0,0.5125365141779186,2.0,sports,0.0,50.0
2606,10000.0,0.6795781068503857,2.0,recreation,0.0,50.0
2607,10000.0,0.6795781068503857,2.0,recreation,0.0,50.0
2608,10000.0,0.5125365141779186,2.0,sports,0.4,32.5
2609,10000.0,0.5125365141779186,2.0,recreation,0.4,29.0
2610,10000.0,0.3064335495233536,2.0,sports,0.2,36.0
2611,10000.0,0.4411255540326238,2.0,sports,0.2,31.0
2612,10000.0,0.3064335495233536,2.0,sports,0.2,35.0
2613,10000.0,0.3064335495233536,2.0,sports,0.2,35.0
2614,10000.0,0.4411255540326238,2.0,sports,0.2,24.0
2615,10000.0,0.4411255540326238,2.0,sports,0.0,50.0
2616,10000.0,0.26868258528411393,2.0,sports,0.2,29.0
2617,10000.0,0.2772524129599333,2.0,sports,0.0,50.0
2618,10000.0,0.26868258528411393,2.0,greenway,0.0,50.0
2619,10000.0,0.26868258528411393,2.0,greenway,0.4,24.5
2620,10000.0,0.2772524129599333,2.0,sports,0.2,30.0
2621,10000.0,0.2772524129599333,2.0,greenway,0.0,50.0
2622,10000.0,0.7923295382410289,2.0,sports,0.2,27.0
2623,10000.0,0.6577454859390856,2.0,sports,0.2,27.0
2624,10000.0,0.7923295382410289,2.0,recreation,0.4,29.0
2625,10000.0,0.7923295382410289,2.0,recreation,0.2,27.0
2626,10000.0,0.6577454859390856,2.0,sports,0.2,24.0
2627,10000.0,0.6577454859390856,2.0,recreation,0.2,30.0
2628,10000.0,0.5891227887943388,2.0,greenway,0.0,50.0
2629,10000.0,0.38727825172245506,2.0,greenway,0.2,23.0
2630,10000.0,0.5891227887943388,2.0,greenway,0.2,29.0
2631,10000.0,0.5891227887943388,2.0,greenway,0.0,50.0
2632,10000.0,0.38727825172245506,2.0,greenway,0.2,32.0
2633,10000.0,0.38727825172245506,2.0,greenway,0.2,28.0
2634,10000.0,0.36861509773880247,2.0,recreation,0.0,50.0
2635,10000.0,0.604001690633595,2.0,recreation,0.0,50.0
2636,10000.0,0.36861509773880247,2.0,sports,0.0,50.0
2637,10000.0,0.36861509773880247,2.0,sports,0.0,50.0
2638,10000.0,0.604001690633595,2.0,recreation,0.4,28.0
2639,10000.0,0.604001690633595,2.0,sports,0.0,50.0
2640,10000.0,0.406518647260964,2.0,greenway,0.2,30.0
2641,10000.0,0.40505482051521546,2.0,greenway,0.2,32.0
2642,10000.0,0.406518647260964,2.0,recreation,0.4,26.5
2643,10000.0,0.406518647260964,2.0,recreation,0.0,50.0
2644,10000.0,0.40505482051521546,2.0,greenway,0.2,28.0
2645,10000.0,0.40505482051521546,2.0,recreation,0.4,30.0
2646,10000.0,0.635740732587874,2.0,recreation,0.6,29.0
2647,10000.0,0.6236826356500388,2.0,recreation,0.2,26.0
2648,10000.0,0.635740732587874,2.0,sports,0.0,50.0
2649,10000.0,0.635740732587874,2.0,sports,0.0,50.0
2650,10000.0,0.6236826356500388,2.0,recreation,0.4,25.5
2651,10000.0,0.6236826356500388,2.0,sports,0.2,27.0
2652,10000.0,0.7328206922858955,2.0,greenway,0.2,37.0
2653,10000.0,0.33224524874240163,2.0,greenway,0.4,31.5
2654,10000.0,0.7328206922858955,2.0,sports,0.2,29.0
2655,10000.0,0.7328206922858955,2.0,sports,0.4,25.5
2656,10000.0,0.33224524874240163,2.0,greenway,0.2,27.0
2657,10000.0,0.33224524874240163,2.0,sports,0.2,37.0
2658,10000.0,0.20616995580494404,2.0,recreation,0.2,27.0
2659,10000.0,0.7152284745126964,2.0,recreation,0.2,27.0
2660,10000.0,0.20616995580494404,2.0,greenway,0.2,29.0
2661,10000.0,0.20616995580494404,2.0,greenway,0.2,25.0
2662,10000.0,0.7152284745126964,2.0,recreation,0.6,28.0
2663,10000.0,0.7152284745126964,2.0,greenway,0.2,28.0
2664,10000.0,0.31840936914086343,2.0,greenway,0.0,50.0
2665,10000.0,0.5697620922699571,2.0,greenway,0.0,50.0
2666,10000.0,0.31840936914086343,2.0,greenway,0.2,24.0
2667,10000.0,0.31840936914086343,2.0,greenway,0.2,32.0
2668,10000.0,0.5697620922699571,2.0,greenway,0.0,50.0
2669,10000.0,0.5697620922699571,2.0,greenway,0.2,24.0
2670,10000.0,0.6955808117985727,2.0,recreation,0.0,50.0
2671,10000.0,0.49644675366580493,2.0,recreation,0.2,31.0
2672,10000.0,0.6955808117985727,2.0,recreation,0.4,28.5
2673,10000.0,0.6955808117985727,2.0,recreation,0.0,50.0
2674,10000.0,0.49644675366580493,2.0,recreation,0.2,25.0
2675,10000.0,0.49644675366580493,2.0,recreation,0.2,29.0
2676,10000.0,0.5229806108400226,2.0,sports,0.0,50.0
2677,10000.0,0.7691112535074354,2.0,sports,0.0,50.0
2678,10000.0,0.5229806108400226,2.0,sports,0.0,50.0
2679,10000.0,0.5229806108400226,2.0,sports,0.2,31.0
2680,10000.0,0.7691112535074354,2.0,sports,0.0,50.0
2681,10000.0,0.7691112535074354,2.0,sports,0.2,30.0
2682,10000.0,0.4442792316898704,2.0,sports,0.0,50.0
2683,10000.0,0.24081554897129537,2.0,sports,0.2,29.0
2684,10000.0,0.4442792316898704,2.0,recreation,0.2,30.0
2685,10000.0,0.4442792316898704,2.0,recreation,0.0,50.0
2686,10000.0,0.24081554897129537,2.0,sports,0.4,33.5
2687,10000.0,0.24081554897129537,2.0,recreation,0.6,28.0
2688,10000.0,0.45104625783860686,2.0,greenway,0.8,28.0
2689,10000.0,0.7879305941984058,2.0,greenway,0.0,50.0
2690,10000.0,0.45104625783860686,2.0,sports,0.0,50.0
2691,10000.0,0.45104625783860686,2.0,sports,0.0,50.0
2692,10000.0,0.7879305941984058,2.0,greenway,0.0,50.0
2693,10000.0,0.7879305941984058,2.0,sports,0.2,28.0
2694,10000.0,0.5255902845412493,2.0,recreation,0.2,29.0
2695,10000.0,0.25948837399482727,2.0,recreation,0.0,50.0
2696,10000.0,0.5255902845412493,2.0,recreation,0.4,27.0
2697,10000.0,0.5255902845412493,2.0,recreation,0.2,27.0
2698,10000.0,0.25948837399482727,2.0,recreation,0.0,50.0
2699,10000.0,0.25948837399482727,2.0,recreation,0.0,50.0
2700,10000.0,0.6883022191002965,2.0,greenway,0.0,50.0
2701,10000.0,0.5510539358481765,2.0,greenway,0.2,24.0
2702,10000.0,0.6883022191002965,2.0,greenway,0.2,26.0
2703,10000.0,0.6883022191002965,2.0,greenway,0.6,26.0
2704,10000.0,0.5510539358481765,2.0,greenway,0.2,26.0
2705,10000.0,0.5510539358481765,2.0,greenway,0.4,27.5
2706,10000.0,0.3163112306967378,2.0,recreation,0.0,50.0
2707,10000.0,0.47759214416146284,2.0,recreation,0.4,26.5
2708,10000.0,0.3163112306967378,2.0,sports,0.0,50.0
2709,10000.0,0.3163112306967378,2.0,sports,0.0,50.0
2710,10000.0,0.47759214416146284,2.0,recreation,0.2,32.0
2711,10000.0,0.47759214416146284,2.0,sports,0.2,28.0
2712,10000.0,0.20355969201773405,2.0,greenway,0.0,50.0
2713,10000.0,0.31344441752880814,2.0,greenway,0.0,50.0
2714,10000.0,0.20355969201773405,2.0,recreation,0.2,32.0
2715,10000.0,0.20355969201773405,2.0,recreation,0.4,31.0
2716,10000.0,0.31344441752880814,2.0,greenway,0.0,50.0
2717,10000.0,0.31344441752880814,2.0,recreation,0.0,50.0
2718,10000.0,0.7260530760511756,2.0,recreation,0.0,50.0
2719,10000.0,0.6965741142630578,2.0,recreation,0.4,26.0
2720,10000.0,0.7260530760511756,2.0,greenway,0.0,50.0
2721,10000.0,0.7260530760511756,2.0,greenway,0.4,26.5
2722,10000.0,0.6965741142630578,2.0,recreation,0.0,50.0
2723,10000.0,0.6965741142630578,2.0,greenway,0.4,25.5
2724,10000.0,0.637839425355196,2.0,sports,0.0,50.0
2725,10000.0,0.42374482061713936,2.0,sports,0.2,28.0
2726,10000.0,0.637839425355196,2.0,recreation,0.0,50.0
2727,10000.0,0.637839425355196,2.0,recreation,0.2,29.0
2728,10000.0,0.42374482061713936,2.0,sports,0.2,33.0
2729,10000.0,0.42374482061713936,2.0,recreation,0.0,50.0
2730,10000.0,0.4137977942824364,2.0,sports,0.2,30.0
2731,10000.0,0.6425191335380078,2.0,sports,0.4,28.5
2732,10000.0,0.4137977942824364,2.0,sports,0.0,50.0
2733,10000.0,0.4137977942824364,2.0,sports,0.0,50.0
2734,10000.0,0.6425191335380078,2.0,sports,0.2,29.0
2735,10000.0,0.6425191335380078,2.0,sports,0.4,25.5
2736,10000.0,0.36132047995924954,2.0,greenway,0.0,50.0
2737,10000.0,0.36856995224952704,2.0,greenway,0.4,29.5
2738,10000.0,0.36132047995924954,2.0,greenway,0.4,28.5
2739,10000.0,0.36132047995924954,2.0,greenway,0.2,30.0
2740,10000.0,0.36856995224952704,2.0,greenway,0.4,30.0
2741,10000.0,0.36856995224952704,2.0,greenway,0.2,30.0
2742,10000.0,0.5870452463626863,2.0,recreation,0.4,24.5
2743,10000.0,0.5851469380781056,2.0,recreation,0.2,32.0
2744,10000.0,0.5870452463626863,2.0,sports,0.0,50.0
2745,10000.0,0.5870452463626863,2.0,sports,0.0,50.0
2746,10000.0,0.5851469380781056,2.0,recreation,0.0,50.0
2747,10000.0,0.5851469380781056,2.0,sports,0.0,50.0
2748,10000.0,0.7991125850006939,2.0,sports,0.2,30.0
2749,10000.0,0.2960716105997563,2.0,sports,0.4,29.5
2750,10000.0,0.7991125850006939,2.0,sports,0.0,50.0
2751,10000.0,0.7991125850006939,2.0,sports,0.0,50.0
2752,10000.0,0.2960716105997563,2.0,sports,0.2,34.0
2753,10000.0,0.2960716105997563,2.0,sports,0.2,30.0
2754,10000.0,0.27127165850251916,2.0,sports,0.0,50.0
2755,10000.0,0.67641816791147,2.0,sports,0.2,33.0
2756,10000.0,0.27127165850251916,2.0,recreation,0.2,32.0
2757,10000.0,0.27127165850251916,2.0,recreation,0.2,27.0
2758,10000.0,0.67641816791147,2.0,sports,0.0,50.0
2759,10000.0,0.67641816791147,2.0,recreation,0.4,28.0
2760,10000.0,0.30851164627820254,2.0,sports,0.4,32.5
2761,10000.0,0.531226371228695,2.0,sports,0.4,30.5
2762,10000.0,0.30851164627820254,2.0,recreation,0.0,50.0
2763,10000.0,0.30851164627820254,2.0,recreation,0.0,50.0
2764,10000.0,0.531226371228695,2.0,sports,0.0,50.0
2765,10000.0,0.531226371228695,2.0,recreation,0.2,30.0
2766,10000.0,0.6868732789531351,2.0,sports,0.2,27.0
2767,10000.0,0.4599619088694454,2.0,sports,0.0,50.0
2768,10000.0,0.6868732789531351,2.0,greenway,0.2,24.0
2769,10000.0,0.6868732789531351,2.0,greenway,0.4,24.0
2770,10000.0,0.4599619088694454,2.0,sports,0.2,30.0
2771,10000.0,0.4599619088694454,2.0,greenway,0.0,50.0
2772,10000.0,0.5492845546454193,2.0,greenway,0.6,25.0
2773,10000.0,0.7303009681403638,2.0,greenway,0.4,31.0
2774,10000.0,0.5492845546454193,2.0,sports,0.2,28.0
2775,10000.0,0.5492845546454193,2.0,sports,0.6,31.0
2776,10000.0,0.7303009681403638,2.0,greenway,0.4,25.5
2777,10000.0,0.7303009681403638,2.0,sports,0.0,50.0
2778,10000.0,0.47408049441874034,2.0,recreation,0.2,26.0
2779,10000.0,0.2046418895944953,2.0,recreation,0.2,28.0
2780,10000.0,0.47408049441874034,2.0,greenway,0.0,50.0
2781,10000.0,0.47408049441874034,2.0,greenway,0.2,30.0
2782,10000.0,0.2046418895944953,2.0,recreation,0.4,29.5
2783,10000.0,0.2046418895944953,2.0,greenway,0.0,50.0
2784,10000.0,0.4968349693343044,2.0,greenway,0.2,25.0
2785,10000.0,0.5998962176963687,2.0,greenway,0.4,28.0
2786,10000.0,0.4968349693343044,2.0,recreation,0.2,24.0
2787,10000.0,0.4968349693343044,2.0,recreation,0.2,30.0
2788,10000.0,0.5998962176963687,2.0,greenway,0.4,26.0
2789,10000.0,0.5998962176963687,2.0,recreation,0.0,50.0
2790,10000.0,0.5734034514054657,2.0,recreation,0.2,32.0
2791,10000.0,0.3714537292718888,2.0,recreation,0.0,50.0
2792,10000.0,0.5734034514054657,2.0,sports,0.0,50.0
2793,10000.0,0.5734034514054657,2.0,sports,0.0,50.0
2794,10000.0,0.3714537292718888,2.0,recreation,0.4,25.5
2795,10000.0,0.3714537292718888,2.0,sports,0.0,50.0
2796,10000.0,0.6638899378478528,2.0,sports,0.2,28.0
2797,10000.0,0.6630241548642517,2.0,sports,0.2,27.0
2798,10000.0,0.6638899378478528,2.0,recreation,0.4,29.0
2799,10000.0,0.6638899378478528,2.0,recreation,0.0,50.0
2800,10000.0,0.6630241548642517,2.0,sports,0.0,50.0
2801,10000.0,0.6630241548642517,2.0,recreation,0.0,50.0
2802,10000.0,0.28462164700031284,2.0,sports,0.0,50.0
2803,10000.0,0.2895620591938496,2.0,sports,0.2,31.0
2804,10000.0,0.28462164700031284,2.0,greenway,0.0,50.0
2805,10000.0,0.28462164700031284,2.0,greenway,0.0,50.0
2806,10000.0,0.2895620591938496,2.0,sports,0.0,50.0
2807,10000.0,0.2895620591938496,2.0,greenway,0.2,27.0
2808,10000.0,0.2474463921040297,2.0,sports,0.0,50.0
2809,10000.0,0.4253090469166637,2.0,sports,0.2,31.0
2810,10000.0,0.2474463921040297,2.0,greenway,0.4,31.0
2811,10000.0,0.2474463921040297,2.0,greenway,0.4,27.5
2812,10000.0,0.4253090469166637,2.0,sports,0.0,50.0
2813,10000.0,0.4253090469166637,2.0,greenway,0.4,30.5
2814,10000.0,0.7760658029466869,2.0,sports,0.2,26.0
2815,10000.0,0.5084390476346017,2.0,sports,0.2,28.0
2816,10000.0,0.7760658029466869,2.0,sports,0.4,28.5
2817,10000.0,0.7760658029466869,2.0,sports,0.2,21.0
2818,10000.0,0.5084390476346017,2.0,sports,0.2,33.0
2819,10000.0,0.5084390476346017,2.0,sports,0.2,28.0
2820,10000.0,0.6112275885418058,2.0,greenway,0.0,50.0
2821,10000.0,0.23559573497623207,2.0,greenway,0.2,26.0
2822,10000.0,0.6112275885418058,2.0,sports,0.4,27.5
2823,10000.0,0.6112275885418058,2.0,sports,0.8,29.5
2824,10000.0,0.23559573497623207,2.0,greenway,0.2,27.0
2825,10000.0,0.23559573497623207,2.0,sports,0.0,50.0
2826,10000.0,0.38401022646576166,2.0,recreation,0.2,22.0
2827,10000.0,0.754370316118002,2.0,recreation,0.4,25.0
2828,10000.0,0.38401022646576166,2.0,recreation,0.0,50.0
2829,10000.0,0.38401022646576166,2.0,recreation,0.0,50.0
2830,10000.0,0.754370316118002,2.0,recreation,0.2,25.0
2831,10000.0,0.754370316118002,2.0,recreation,0.2,29.0
2832,10000.0,0.3908579440787435,2.0,sports,0.0,50.0
2833,10000.0,0.25546907484531406,2.0,sports,0.0,50.0
2834,10000.0,0.3908579440787435,2.0,sports,0.4,29.5
2835,10000.0,0.3908579440787435,2.0,sports,0.2,33.0
2836,10000.0,0.25546907484531406,2.0,sports,0.2,33.0
2837,10000.0,0.25546907484531406,2.0,sports,0.2,33.0
2838,10000.0,0.6139013642445208,2.0,sports,0.2,25.0
2839,10000.0,0.7720463288947941,2.0,sports,0.2,36.0
2840,10000.0,0.6139013642445208,2.0,greenway,0.0,50.0
2841,10000.0,0.6139013642445208,2.0,greenway,0.2,28.0
2842,10000.0,0.7720463288947941,2.0,sports,0.0,50.0
2843,10000.0,0.7720463288947941,2.0,greenway,0.0,50.0
2844,10000.0,0.7487823750823737,2.0,greenway,0.2,22.0
2845,10000.0,0.4829661376774312,2.0,greenway,0.4,31.0
2846,10000.0,0.7487823750823737,2.0,recreation,0.2,23.0
2847,10000.0,0.7487823750823737,2.0,recreation,0.0,50.0
2848,10000.0,0.4829661376774312,2.0,greenway,0.4,28.0
2849,10000.0,0.4829661376774312,2.0,recreation,0.0,50.0
2850,10000.0,0.22770834453403951,2.0,recreation,0.4,28.5
2851,10000.0,0.5633129989728332,2.0,recreation,0.2,27.0
2852,10000.0,0.22770834453403951,2.0,greenway,0.0,50.0
2853,10000.0,0.22770834453403951,2.0,greenway,0.2,23.0
2854,10000.0,0.5633129989728332,2.0,recreation,0.2,29.0
2855,10000.0,0.5633129989728332,2.0,greenway,0.2,29.0
2856,10000.0,0.34054163470864296,2.0,greenway,0.0,50.0
2857,10000.0,0.7181532457470894,2.0,greenway,0.0,50.0
2858,10000.0,0.34054163470864296,2.0,sports,0.4,29.0
2859,10000.0,0.34054163470864296,2.0,sports,0.2,36.0
2860,10000.0,0.7181532457470894,2.0,greenway,0.2,26.0
2861,10000.0,0.7181532457470894,2.0,sports,0.0,50.0
2862,10000.0,0.7109484747052193,2.0,recreation,0.0,50.0
2863,10000.0,0.34688847940415146,2.0,recreation,0.0,50.0
2864,10000.0,0.7109484747052193,2.0,recreation,0.2,23.0
2865,10000.0,0.7109484747052193,2.0,recreation,0.4,27.0
2866,10000.0,0.34688847940415146,2.0,recreation,0.0,50.0
2867,10000.0,0.34688847940415146,2.0,recreation,0.0,50.0
2868,10000.0,0.5017352623865009,2.0,greenway,0.4,29.0
2869,10000.0,0.617241557687521,2.0,greenway,0.2,32.0
2870,10000.0,0.5017352623865009,2.0,greenway,0.4,23.0
2871,10000.0,0.5017352623865009,2.0,greenway,0.0,50.0
2872,10000.0,0.617241557687521,2.0,greenway,0.0,50.0
2873,10000.0,0.617241557687521,2.0,greenway,0.0,50.0
2874,10000.0,0.42802465166896586,2.0,recreation,0.0,50.0
2875,10000.0,0.39158221092075113,2.0,recreation,0.0,50.0
2876,10000.0,0.42802465166896586,2.0,recreation,0.0,50.0
2877,10000.0,0.42802465166896586,2.0,recreation,0.2,35.0
2878,10000.0,0.39158221092075113,2.0,recreation,0.4,31.0
2879,10000.0,0.39158221092075113,2.0,recreation,0.0,50.0
2880,10000.0,0.435791638866067,2.0,greenway,0.0,50.0
2881,10000.0,0.3055085087195039,2.0,greenway,0.0,50.0
2882,10000.0,0.435791638866067,2.0,recreation,0.0,50.0
2883,10000.0,0.435791638866067,2.0,recreation,0.0,50.0
2884,10000.0,0.3055085087195039,2.0,greenway,0.4,29.0
2885,10000.0,0.3055085087195039,2.0,recreation,0.0,50.0
2886,10000.0,0.5127204667776823,2.0,recreation,0.2,22.0
2887,10000.0,0.6845366518944502,2.0,recreation,0.2,26.0
2888,10000.0,0.5127204667776823,2.0,greenway,0.4,27.5
2889,10000.0,0.5127204667776823,2.0,greenway,0.0,50.0
2890,10000.0,0.6845366518944502,2.0,recreation,0.0,50.0
2891,10000.0,0.6845366518944502,2.0,greenway,0.2,23.0
2892,10000.0,0.7245771983638407,2.0,greenway,0.0,50.0
2893,10000.0,0.3548851536586881,2.0,greenway,0.4,28.0
2894,10000.0,0.7245771983638407,2.0,sports,0.2,28.0
2895,10000.0,0.7245771983638407,2.0,sports,0.0,50.0
2896,10000.0,0.3548851536586881,2.0,greenway,0.0,50.0
2897,10000.0,0.3548851536586881,2.0,sports,0.2,32.0
2898,10000.0,0.34566067028790715,2.0,recreation,0.4,27.0
2899,10000.0,0.5789328951388598,2.0,recreation,0.2,25.0
2900,10000.0,0.34566067028790715,2.0,greenway,0.2,28.0
2901,10000.0,0.34566067028790715,2.0,greenway,0.4,27.5
2902,10000.0,0.5789328951388598,2.0,recreation,0.2,28.0
2903,10000.0,0.5789328951388598,2.0,greenway,0.0,50.0
2904,10000.0,0.23283646162599325,2.0,sports,0.0,50.0
2905,10000.0,0.7431160906329752,2.0,sports,0.6,29.0
2906,10000.0,0.23283646162599325,2.0,greenway,0.0,50.0
2907,10000.0,0.23283646162599325,2.0,greenway,0.0,50.0
2908,10000.0,0.7431160906329752,2.0,sports,0.0,50.0
2909,10000.0,0.7431160906329752,2.0,greenway,0.4,26.0
2910,10000.0,0.7624018697068096,2.0,sports,0.2,24.0
2911,10000.0,0.2094004597514868,2.0,sports,0.0,50.0
2912,10000.0,0.7624018697068096,2.0,recreation,0.0,50.0
2913,10000.0,0.7624018697068096,2.0,recreation,0.0,50.0
2914,10000.0,0.2094004597514868,2.0,sports,0.0,50.0
2915,10000.0,0.2094004597514868,2.0,recreation,0.2,33.0
2916,10000.0,0.6248957931995393,2.0,greenway,0.0,50.0
2917,10000.0,0.5203156920149923,2.0,greenway,0.0,50.0
2918,10000.0,0.6248957931995393,2.0,sports,0.0,50.0
2919,10000.0,0.6248957931995393,2.0,sports,0.0,50.0
2920,10000.0,0.5203156920149923,2.0,greenway,0.4,27.0
2921,10000.0,0.5203156920149923,2.0,sports,0.2,30.0
2922,10000.0,0.3986158452928067,2.0,recreation,0.2,28.0
2923,10000.0,0.4509554360061884,2.0,recreation,0.0,50.0
2924,10000.0,0.3986158452928067,2.0,recreation,0.2,27.0
2925,10000.0,0.3986158452928067,2.0,recreation,0.0,50.0
2926,10000.0,0.4509554360061884,2.0,recreation,0.0,50.0
2927,10000.0,0.4509554360061884,2.0,recreation,0.4,26.0
2928,10000.0,0.37653375715017323,2.0,sports,0.0,50.0
2929,10000.0,0.5379549305886031,2.0,sports,0.2,28.0
2930,10000.0,0.37653375715017323,2.0,recreation,0.2,32.0
2931,10000.0,0.37653375715017323,2.0,recreation,0.0,50.0
2932,10000.0,0.5379549305886031,2.0,sports,0.2,34.0
2933,10000.0,0.5379549305886031,2.0,recreation,0.4,28.0
2934,10000.0,0.5999564059078695,2.0,sports,0.2,24.0
2935,10000.0,0.47079202178865676,2.0,sports,0.2,26.0
2936,10000.0,0.5999564059078695,2.0,greenway,0.0,50.0
2937,10000.0,0.5999564059078695,2.0,greenway,0.2,25.0
2938,10000.0,0.47079202178865676,2.0,sports,0.0,50.0
2939,10000.0,0.47079202178865676,2.0,greenway,0.0,50.0
2940,10000.0,0.762732177041471,2.0,greenway,0.4,24.0
2941,10000.0,0.7979532856494189,2.0,greenway,0.2,21.0
2942,10000.0,0.762732177041471,2.0,recreation,0.0,50.0
2943,10000.0,0.762732177041471,2.0,recreation,0.0,50.0
2944,10000.0,0.7979532856494189,2.0,greenway,0.2,22.0
2945,10000.0,0.7979532856494189,2.0,recreation,0.2,24.0
2946,10000.0,0.2420276476070285,2.0,recreation,0.0,50.0
2947,10000.0,0.26702077854424716,2.0,recreation,0.0,50.0
2948,10000.0,0.2420276476070285,2.0,sports,0.0,50.0
2949,10000.0,0.2420276476070285,2.0,sports,0.2,29.0
2950,10000.0,0.26702077854424716,2.0,recreation,0.2,28.0
2951,10000.0,0.26702077854424716,2.0,sports,0.2,27.0
2952,10000.0,0.27919382099062207,2.0,greenway,0.2,26.0
2953,10000.0,0.41224805973470213,2.0,greenway,0.4,30.5
2954,10000.0,0.27919382099062207,2.0,greenway,0.0,50.0
2955,10000.0,0.27919382099062207,2.0,greenway,0.2,30.0
2956,10000.0,0.41224805973470213,2.0,greenway,0.2,28.0
2957,10000.0,0.41224805973470213,2.0,greenway,0.2,29.0
2958,10000.0,0.6505655409768225,2.0,recreation,0.0,50.0
2959,10000.0,0.6340984562411904,2.0,recreation,0.6,25.0
2960,10000.0,0.6505655409768225,2.0,recreation,0.2,24.0
2961,10000.0,0.6505655409768225,2.0,recreation,0.4,24.0
2962,10000.0,0.6340984562411904,2.0,recreation,0.0,50.0
2963,10000.0,0.6340984562411904,2.0,recreation,0.0,50.0
2964,10000.0,0.5621230442076922,2.0,sports,0.2,28.0
2965,10000.0,0.325673458352685,2.0,sports,0.2,28.0
2966,10000.0,0.5621230442076922,2.0,greenway,0.2,24.0
2967,10000.0,0.5621230442076922,2.0,greenway,0.4,26.0
2968,10000.0,0.325673458352685,2.0,sports,0.2,30.0
2969,10000.0,0.325673458352685,2.0,greenway,0.2,24.0
2970,10000.0,0.48936758600175384,2.0,sports,0.4,32.0
2971,10000.0,0.7019184799864888,2.0,sports,0.0,50.0
2972,10000.0,0.48936758600175384,2.0,sports,0.2,27.0
2973,10000.0,0.48936758600175384,2.0,sports,0.4,28.5
2974,10000.0,0.7019184799864888,2.0,sports,0.0,50.0
2975,10000.0,0.7019184799864888,2.0,sports,0.2,29.0
2976,10000.0,0.465136911533773,2.0,sports,0.0,50.0
2977,10000.0,0.49357936326414353,2.0,sports,0.0,50.0
2978,10000.0,0.465136911533773,2.0,sports,0.0,50.0
2979,10000.0,0.465136911533773,2.0,sports,0.2,31.0
2980,10000.0,0.49357936326414353,2.0,sports,0.4,31.0
2981,10000.0,0.49357936326414353,2.0,sports,0.0,50.0
2982,10000.0,0.5394759459421039,2.0,sports,0.2,37.0
2983,10000.0,0.5726077746599914,2.0,sports,0.2,24.0
2984,10000.0,0.5394759459421039,2.0,recreation,0.2,25.0
2985,10000.0,0.5394759459421039,2.0,recreation,0.6,27.0
2986,10000.0,0.5726077746599914,2.0,sports,0.4,28.0
2987,10000.0,0.5726077746599914,2.0,recreation,0.2,26.0
2988,10000.0,0.6744208648800851,2.0,greenway,0.0,50.0
2989,10000.0,0.2429514126852155,2.0,greenway,0.0,50.0
2990,10000.0,0.6744208648800851,2.0,greenway,0.2,29.0
2991,10000.0,0.6744208648800851,2.0,greenway,0.0,50.0
2992,10000.0,0.2429514126852155,2.0,greenway,0.2,35.0
2993,10000.0,0.2429514126852155,2.0,greenway,0.0,50.0
2994,10000.0,0.3022163011133671,2.0,recreation,0.0,50.0
2995,10000.0,0.7669994581490756,2.0,recreation,0.4,27.5
2996,10000.0,0.3022163011133671,2.0,recreation,0.0,50.0
2997,10000.0,0.3022163011133671,2.0,recreation,0.0,50.0
2998,10000.0,0.7669994581490756,2.0,recreation,0.0,50.0
2999,10000.0,0.7669994581490756,2.0,recreation,0.0,50.0
3000,10000.0,0.2649672318249941,2.0,greenway,0.4,23.0
3001,10000.0,0.6312146971002222,2.0,greenway,0.2,28.0
3002,10000.0,0.2649672318249941,2.0,sports,0.2,34.0
3003,10000.0,0.2649672318249941,2.0,sports,0.4,34.5
3004,10000.0,0.6312146971002222,2.0,greenway,0.4,28.5
3005,10000.0,0.6312146971002222,2.0,sports,0.0,50.0
3006,10000.0,0.7866693999618293,2.0,recreation,0.2,24.0
3007,10000.0,0.39749876223504543,2.0,recreation,0.0,50.0
3008,10000.0,0.7866693999618293,2.0,greenway,0.0,50.0
3009,10000.0,0.7866693999618293,2.0,greenway,0.2,28.0
3010,10000.0,0.39749876223504543,2.0,recreation,0.0,50.0
3011,10000.0,0.39749876223504543,2.0,greenway,0.0,50.0
3012,10000.0,0.5772274130955339,2.0,greenway,0.2,27.0
3013,10000.0,0.7084280135110022,2.0,greenway,0.0,50.0
3014,10000.0,0.5772274130955339,2.0,recreation,0.0,50.0
3015,10000.0,0.5772274130955339,2.0,recreation,0.2,30.0
3016,10000.0,0.7084280135110022,2.0,greenway,0.0,50.0
3017,10000.0,0.7084280135110022,2.0,recreation,0.2,27.0
3018,10000.0,0.35238598305732016,2.0,recreation,0.0,50.0
3019,10000.0,0.33906748928129676,2.0,recreation,0.0,50.0
3020,10000.0,0.35238598305732016,2.0,sports,0.2,33.0
3021,10000.0,0.35238598305732016,2.0,sports,0.4,31.5
3022,10000.0,0.33906748928129676,2.0,recreation,0.0,50.0
3023,10000.0,0.33906748928129676,2.0,sports,0.0,50.0
3024,10000.0,0.42244141791015866,2.0,greenway,0.0,50.0
3025,10000.0,0.6510925721377134,2.0,greenway,0.0,50.0
3026,10000.0,0.42244141791015866,2.0,greenway,0.0,50.0
3027,10000.0,0.42244141791015866,2.0,greenway,0.2,29.0
3028,10000.0,0.6510925721377134,2.0,greenway,0.4,26.0
3029,10000.0,0.6510925721377134,2.0,greenway,0.2,28.0
3030,10000.0,0.6479434536769987,2.0,recreation,0.0,50.0
3031,10000.0,0.28392939511686566,2.0,recreation,0.2,27.0
3032,10000.0,0.6479434536769987,2.0,sports,0.0,50.0
3033,10000.0,0.6479434536769987,2.0,sports,0.4,27.5
3034,10000.0,0.28392939511686566,2.0,recreation,0.2,27.0
3035,10000.0,0.28392939511686566,2.0,sports,0.2,34.0
3036,10000.0,0.7382192615419627,2.0,sports,0.2,28.0
3037,10000.0,0.6110955227166415,2.0,sports,0.2,24.0
3038,10000.0,0.7382192615419627,2.0,greenway,0.0,50.0
3039,10000.0,0.7382192615419627,2.0,greenway,0.0,50.0
3040,10000.0,0.6110955227166415,2.0,sports,0.4,29.0
3041,10000.0,0.6110955227166415,2.0,greenway,0.0,50.0
3042,10000.0,0.21014587692916395,2.0,sports,0.2,31.0
3043,10000.0,0.3801627116277814,2.0,sports,0.2,29.0
3044,10000.0,0.21014587692916395,2.0,recreation,0.2,33.0
3045,10000.0,0.21014587692916395,2.0,recreation,0.0,50.0
3046,10000.0,0.3801627116277814,2.0,sports,0.2,30.0
3047,10000.0,0.3801627116277814,2.0,recreation,0.2,30.0
3048,10000.0,0.3229064971208573,2.0,greenway,0.2,30.0
3049,10000.0,0.2252847071737051,2.0,greenway,0.2,30.0
3050,10000.0,0.3229064971208573,2.0,recreation,0.2,33.0
3051,10000.0,0.3229064971208573,2.0,recreation,0.2,29.0
3052,10000.0,0.2252847071737051,2.0,greenway,0.2,28.0
3053,10000.0,0.2252847071737051,2.0,recreation,0.0,50.0
3054,10000.0,0.7004591755568983,2.0,recreation,0.0,50.0
3055,10000.0,0.7471354076638819,2.0,recreation,0.0,50.0
3056,10000.0,0.7004591755568983,2.0,sports,0.2,24.0
3057,10000.0,0.7004591755568983,2.0,sports,0.6,29.0
3058,10000.0,0.7471354076638819,2.0,recreation,0.2,30.0
3059,10000.0,0.7471354076638819,2.0,sports,0.0,50.0
3060,10000.0,0.535703537426889,2.0,greenway,0.0,50.0
3061,10000.0,0.4386963907629252,2.0,greenway,0.0,50.0
3062,10000.0,0.535703537426889,2.0,sports,0.0,50.0
3063,10000.0,0.535703537426889,2.0,sports,0.2,30.0
3064,10000.0,0.4386963907629252,2.0,greenway,0.4,29.0
3065,10000.0,0.4386963907629252,2.0,sports,0.0,50.0
3066,10000.0,0.4596807954832912,2.0,recreation,0.0,50.0
3067,10000.0,0.5149416806176306,2.0,recreation,0.0,50.0
3068,10000.0,0.4596807954832912,2.0,greenway,0.0,50.0
3069,10000.0,0.4596807954832912,2.0,greenway,0.2,23.0
3070,10000.0,0.5149416806176306,2.0,recreation,0.2,33.0
3071,10000.0,0.5149416806176306,2.0,greenway,0.4,25.5
